Usia;Jenis Kelamin;Pendidikan Terakhir;Jabatan;Masa Kerja;KM1;KM2;KM3;KM4;KM5;KM6;KM7;KM8;PU1;PU2;PU3;PU4;PU5;PU6;PU7;PU8;PU9;PU10;PU11;AD1;AD2;AD3;AD4;AD5;AD6;AD7;AD8;AD9;AD10;AD11;AD12;AD13;Cons1;Cons2;Cons3;Cons4;Cons5;Cons6;Total KM;Total PU;Total AD;Total Cons;TOTAL
26;Laki-laki;D4/S1;Staf / Pelaksana;6;4;5;3;4;2;1;1;1;3;5;1;1;1;1;5;1;5;1;5;1;2;4;5;2;1;1;5;1;3;5;1;5;7;7;6;7;6;7;21;29;36;40;126
22;Perempuan;D4/S1;Staf / Pelaksana;2;5;4;5;4;5;5;3;5;5;3;5;5;5;4;3;4;4;2;4;3;4;5;2;4;3;3;5;5;4;4;2;4;7;6;2;7;6;7;36;44;48;35;163
35;Laki-laki;D4/S1;;5;2;3;3;1;5;4;5;3;2;5;4;3;1;3;2;3;4;3;1;3;5;4;3;4;3;2;4;5;1;3;4;5;7;7;3;7;3;7;26;31;46;34;137
32;Laki-laki;D1/D2/D3;Staf / Pelaksana;4;5;4;4;1;5;4;2;1;1;4;4;4;2;2;4;4;3;3;2;4;5;5;2;5;5;5;1;1;5;5;1;1;7;7;1;7;7;7;26;33;45;36;140
43;Laki-laki;D4/S1;Staf / Pelaksana;23;2;2;4;2;4;4;2;2;4;4;4;4;3;3;2;3;2;4;2;4;4;4;2;4;4;5;2;2;4;5;2;1;7;7;1;7;7;7;22;35;43;36;136
;Laki-laki;D4/S1;Staf / Pelaksana;6;3;5;4;2;5;5;1;2;2;4;5;5;1;4;3;5;3;4;1;5;5;5;4;4;5;5;4;1;5;5;2;3;7;7;1;7;7;7;27;37;53;36;153
32;Perempuan;D4/S1;Manajer Lini / Pejabat Eselon IV/ III;2;5;2;5;5;2;4;1;4;3;2;3;3;5;5;2;5;3;4;5;3;3;4;4;2;2;5;4;4;4;5;2;1;5;4;4;5;3;2;28;40;43;23;134
37;Laki-laki;D4/S1;Staf / Pelaksana;5;5;4;5;3;5;4;5;2;3;5;5;2;2;4;5;5;1;4;5;4;4;5;3;3;2;4;5;5;3;5;5;4;7;6;6;7;7;7;33;41;52;40;166
22;Perempuan;D4/S1;Eksekutif / Pejabat Eselon II;4;3;3;3;1;3;3;1;3;3;3;4;3;2;3;4;3;2;4;2;5;3;4;5;4;3;3;5;4;5;5;3;4;7;5;5;7;4;6;20;33;53;34;140
48;Laki-laki;D1/D2/D3;Manajer Lini / Pejabat Eselon IV/ III;7;3;3;5;2;4;3;4;3;4;3;5;4;2;3;3;3;3;3;4;2;3;4;5;3;3;4;5;3;4;3;4;3;4;3;5;3;4;3;27;37;46;22;132
25;Laki-laki;D1/D2/D3;Eksekutif / Pejabat Eselon II;5;4;5;5;4;5;5;1;4;5;5;5;5;4;4;4;5;5;5;1;5;4;3;3;5;4;3;5;2;5;5;3;3;7;5;5;7;4;6;33;48;50;34;165
55;Laki-laki;D1/D2/D3;Manajer Lini / Pejabat Eselon IV/ III;8;4;5;4;4;5;4;3;2;3;2;4;4;1;1;4;5;3;4;5;5;1;5;3;1;3;4;2;4;2;5;2;3;7;7;3;7;7;7;31;36;40;38;145
38;Laki-laki;SMA/ setara;Staf / Pelaksana;17;2;5;4;2;5;5;1;1;1;4;4;2;1;1;3;4;4;5;1;5;3;3;2;3;4;5;2;2;5;5;1;2;7;7;1;7;7;7;25;30;42;36;133
40;Laki-laki;D1/D2/D3;Staf / Pelaksana;9;5;5;5;1;5;5;1;5;4;5;5;4;3;1;1;3;1;1;3;5;5;5;5;5;3;5;2;2;4;3;4;5;6;5;4;7;6;7;32;31;53;35;151
47;Laki-laki;SMA/ setara;Staf / Pelaksana;11;5;3;4;2;5;4;3;2;3;4;5;2;2;2;2;4;5;5;2;5;4;5;3;4;3;5;2;5;4;5;3;4;7;7;1;7;7;7;28;36;52;36;152
55;Laki-laki;D4/S1;Staf / Pelaksana;10;3;4;4;2;4;5;2;2;3;4;4;4;2;5;4;2;5;4;4;4;4;3;2;3;3;3;3;2;4;5;2;2;5;5;4;5;5;6;26;41;40;30;137
62;Perempuan;D4/S1;Manajer Lini / Pejabat Eselon IV/ III;8;3;3;3;3;3;1;2;4;3;3;2;3;4;2;2;2;3;3;4;3;3;3;3;3;3;3;2;2;2;3;3;2;7;6;1;6;6;6;22;31;35;32;120
47;Perempuan;D4/S1;Manajer Lini / Pejabat Eselon IV/ III;12;3;3;3;3;4;4;1;3;2;3;2;2;2;2;2;3;3;3;2;3;3;3;2;3;3;3;2;1;4;4;2;3;7;7;1;6;6;6;24;26;36;33;119
52;Laki-laki;SMA/ setara;Staf / Pelaksana;12;4;4;3;3;4;3;2;1;4;4;5;4;4;2;4;5;4;5;2;3;4;4;3;3;2;3;3;4;4;5;1;2;7;7;1;7;7;7;24;43;41;36;144
33;Laki-laki;S2;Manajer Lini / Pejabat Eselon IV/ III;5;1;5;5;2;5;5;1;4;4;5;5;5;1;3;5;5;5;5;1;5;4;4;1;4;5;5;1;2;5;5;3;2;7;7;1;7;7;7;28;44;46;36;154
49;Laki-laki;SMA/ setara;Staf / Pelaksana;10;1;3;4;2;5;5;5;2;2;4;5;5;3;3;4;2;1;1;1;2;4;5;5;4;3;3;3;1;5;5;3;4;7;5;2;7;7;1;27;31;47;29;134
58;Laki-laki;SMA/ setara;Staf / Pelaksana;20;2;3;4;4;4;4;4;4;3;4;4;5;4;5;5;4;4;4;5;5;4;4;5;5;5;4;4;5;3;4;5;5;7;7;1;7;7;7;29;47;58;36;170
49;Laki-laki;D4/S1;Staf / Pelaksana;18;4;4;5;4;5;4;5;4;5;4;4;3;3;4;4;4;3;4;5;4;4;3;4;4;3;4;3;4;4;3;3;3;7;7;1;7;7;7;35;43;46;36;160
55;Laki-laki;SMA/ setara;Staf / Pelaksana;11;1;5;4;2;5;4;1;2;4;4;4;4;2;2;2;3;3;4;2;3;3;4;2;3;3;3;3;2;4;4;2;2;7;7;1;7;7;7;24;34;38;36;132
26;Perempuan;D1/D2/D3;Staf / Pelaksana;1;5;4;4;2;3;3;4;2;4;3;2;3;3;5;2;2;4;2;2;4;4;4;2;4;4;3;2;2;2;2;1;4;6;6;2;5;5;6;27;32;38;30;127
27;Perempuan;D4/S1;Staf / Pelaksana;3;4;4;4;2;4;4;3;2;3;4;4;4;2;3;3;4;2;4;2;4;3;3;2;3;3;4;2;2;4;3;2;2;5;5;2;5;4;4;27;35;37;25;124
34;Laki-laki;S2;Manajer Lini / Pejabat Eselon IV/ III;13;2;4;5;2;4;4;1;4;2;2;2;3;2;4;2;2;4;3;4;4;4;4;2;4;4;4;2;2;4;4;2;2;6;7;3;6;6;6;26;30;42;34;132
34;Perempuan;D4/S1;Staf / Pelaksana;13;4;4;5;2;4;5;3;3;3;4;3;4;3;5;4;4;5;5;4;3;3;4;5;4;3;3;4;4;3;3;3;3;7;6;3;6;6;6;30;44;45;34;153
34;Laki-laki;S2;Staf / Pelaksana;13;1;5;4;2;4;5;1;1;4;5;2;2;2;2;2;4;4;4;1;4;4;4;2;4;4;4;2;2;4;4;1;1;7;6;1;6;6;6;23;32;40;32;127
26;Laki-laki;D4/S1;Staf / Pelaksana;3;4;4;3;3;4;4;4;3;2;3;3;3;1;3;3;4;3;3;2;5;4;4;2;3;4;3;3;3;3;4;2;2;7;6;6;6;5;6;29;30;42;36;137
28;Perempuan;D4/S1;Staf / Pelaksana;6;4;4;3;4;4;4;3;4;5;5;4;4;2;4;4;5;2;4;1;5;3;3;2;4;3;4;2;1;4;4;1;1;6;6;2;6;5;5;30;40;37;30;137
27;Perempuan;D4/S1;Staf / Pelaksana;6;4;4;4;2;4;4;2;2;3;4;3;3;2;5;3;3;4;4;3;3;4;3;3;4;3;3;3;3;3;4;3;2;6;5;3;5;6;5;26;37;41;30;134
34;Perempuan;D4/S1;Staf / Pelaksana;10;5;5;5;4;4;5;2;2;2;4;2;3;1;3;2;4;3;3;2;5;5;5;2;3;4;3;3;2;5;4;2;2;7;6;2;6;6;5;32;29;45;32;138
34;Perempuan;D4/S1;Staf / Pelaksana;11;4;4;4;3;3;4;3;4;3;3;3;3;2;3;3;4;2;4;3;4;3;3;3;4;3;3;3;2;4;4;2;2;6;5;2;6;5;5;29;33;40;29;131
35;Perempuan;S2;Staf / Pelaksana;5;4;4;5;2;4;4;1;2;4;4;4;4;2;4;4;4;2;4;3;4;4;4;2;4;4;4;4;2;4;4;2;2;6;6;2;6;6;6;26;39;44;32;141
29;Perempuan;S2;Staf / Pelaksana;2;4;4;5;3;5;4;1;3;3;4;4;4;1;4;3;4;5;4;2;4;4;4;1;4;4;3;3;2;4;5;1;1;6;6;1;7;6;6;29;38;40;32;139
39;Laki-laki;S2;Staf / Pelaksana;10;5;4;4;4;4;4;3;4;2;3;2;4;2;5;4;4;2;4;2;4;3;4;1;4;4;4;3;3;4;5;1;1;6;6;2;6;6;5;32;34;41;31;138
33;Perempuan;D4/S1;Manajer Lini / Pejabat Eselon IV/ III;10;5;5;4;3;5;5;1;1;4;4;5;3;2;4;2;2;3;4;5;4;5;5;1;4;5;5;2;2;4;5;4;4;7;7;1;7;7;6;29;38;50;35;152
36;Perempuan;D4/S1;Staf / Pelaksana;9;4;5;4;2;4;4;2;2;4;3;3;3;2;3;3;3;3;4;2;4;4;4;2;4;4;4;3;3;4;4;2;2;6;6;2;6;5;5;27;33;44;30;134
30;Laki-laki;D4/S1;Staf / Pelaksana;3;5;4;4;5;4;4;5;5;4;3;4;4;4;4;3;3;3;4;4;3;4;4;4;4;3;4;4;3;4;4;3;4;6;5;6;5;6;5;36;40;48;33;157
35;Laki-laki;D1/D2/D3;Staf / Pelaksana;12;5;5;5;4;4;4;2;4;2;4;4;4;2;4;3;4;2;4;2;4;4;4;2;4;4;4;3;2;4;4;4;2;6;6;2;6;5;6;33;35;45;31;144
34;Perempuan;S2;Staf / Pelaksana;10;3;4;4;2;4;4;1;1;4;4;3;2;1;2;2;3;2;5;1;5;4;5;1;4;4;4;3;3;4;4;2;1;7;6;1;7;7;7;23;29;44;35;131
26;Laki-laki;D4/S1;Staf / Pelaksana;4;5;4;5;4;4;4;4;5;3;4;4;4;2;4;4;5;2;4;4;4;4;4;3;4;3;4;1;2;4;4;2;2;6;6;2;6;6;6;35;40;41;32;148
34;Laki-laki;D1/D2/D3;Staf / Pelaksana;13;4;4;4;2;3;4;4;2;2;3;3;3;2;4;4;3;4;4;4;4;4;4;3;3;3;3;2;3;4;4;2;2;6;5;6;5;5;5;27;36;41;32;136
27;Perempuan;D1/D2/D3;Staf / Pelaksana;4;5;5;5;1;5;5;1;1;5;5;5;5;1;5;5;5;3;5;1;5;5;5;1;5;5;5;1;1;5;5;1;1;7;5;1;7;7;7;28;45;45;34;152
33;Perempuan;D1/D2/D3;Staf / Pelaksana;10;3;3;3;2;3;3;2;2;2;3;2;3;2;3;2;3;2;3;3;3;3;3;4;4;3;3;3;3;3;2;2;2;5;4;4;5;5;5;21;28;38;28;115
33;Laki-laki;D1/D2/D3;Staf / Pelaksana;13;5;5;5;3;3;4;3;2;5;3;4;3;1;4;3;5;1;5;4;5;4;4;2;3;3;4;3;2;4;4;2;3;7;5;6;5;4;5;30;38;43;32;143
34;Perempuan;S2;Staf / Pelaksana;10;4;4;4;2;4;4;1;1;1;4;4;4;1;2;4;5;1;4;2;4;4;4;2;4;4;4;2;2;4;4;1;1;7;6;2;7;6;6;24;32;40;34;130
25;Laki-laki;D4/S1;Staf / Pelaksana;3;4;5;5;3;5;5;1;1;4;2;2;4;1;2;2;1;2;4;2;4;4;4;1;4;4;4;5;2;4;4;2;1;7;7;1;7;7;7;29;26;43;36;134
29;Laki-laki;D1/D2/D3;Staf / Pelaksana;14;3;4;3;3;5;5;2;3;3;5;5;5;1;2;3;5;2;5;2;4;5;4;2;5;5;5;2;3;5;5;2;1;7;7;2;7;7;7;28;38;48;37;151
34;Laki-laki;S2;Staf / Pelaksana;12;1;3;3;4;4;4;2;4;2;2;1;4;2;2;1;1;4;4;4;2;2;2;4;4;2;4;4;4;4;4;4;2;5;5;3;3;3;3;25;27;42;22;116
35;Laki-laki;D1/D2/D3;Staf / Pelaksana;15;4;4;4;4;4;4;2;3;4;4;4;4;2;4;3;4;2;4;2;4;3;4;2;4;4;4;4;2;4;4;2;2;6;5;2;6;5;6;29;37;43;30;139
35;Laki-laki;D4/S1;Staf / Pelaksana;13;5;5;5;3;4;4;2;2;3;5;4;4;2;5;3;2;2;4;3;5;5;5;2;4;4;5;5;2;5;5;1;1;7;7;2;7;7;7;30;37;49;37;153
24;Perempuan;D1/D2/D3;Staf / Pelaksana;4;4;4;4;3;4;5;1;3;4;4;3;5;1;3;4;2;3;4;2;4;5;5;3;4;5;4;5;3;5;5;3;1;7;6;2;7;6;6;28;35;52;34;149
35;Perempuan;D1/D2/D3;Staf / Pelaksana;10;2;4;4;1;4;4;2;2;2;4;4;3;2;5;3;1;3;5;3;4;5;4;3;4;4;4;2;2;2;4;2;2;7;7;1;7;6;5;23;35;42;33;133
23;Perempuan;D4/S1;Staf / Pelaksana;1;5;4;4;4;3;4;3;5;4;3;3;4;2;4;4;5;5;4;4;4;4;4;3;4;4;4;2;3;4;4;2;3;5;5;5;6;6;6;32;42;45;33;152
25;Perempuan;SMA/ setara;Staf / Pelaksana;3;5;5;5;2;4;5;3;2;1;5;2;4;1;4;4;5;2;4;2;5;5;4;2;5;5;4;2;2;5;4;2;2;6;6;2;7;6;5;31;34;47;32;144
49;Laki-laki;D4/S1;Manajer Lini / Pejabat Eselon IV/ III;27;4;4;4;3;4;4;2;2;3;4;3;3;1;2;2;4;3;4;2;4;3;4;3;4;4;4;2;2;4;4;2;2;6;6;1;6;6;6;27;31;42;31;131
26;Perempuan;D1/D2/D3;Staf / Pelaksana;5;4;4;4;2;4;4;3;2;4;3;3;4;1;4;3;3;3;4;3;4;4;4;2;4;4;4;3;3;4;3;3;3;7;4;3;6;5;4;27;35;45;29;136
47;Laki-laki;S2;Manajer Lini / Pejabat Eselon IV/ III;21;3;4;4;3;5;5;3;3;3;4;4;4;2;4;4;4;3;3;2;5;5;5;2;4;5;3;4;2;4;4;2;2;7;7;2;6;6;6;30;37;47;34;148
35;Perempuan;D4/S1;Staf / Pelaksana;10;4;4;4;2;4;4;3;3;3;3;3;4;3;4;4;4;3;4;3;4;3;3;3;3;3;4;3;3;4;3;3;3;6;6;2;6;6;6;28;38;42;32;140
51;Laki-laki;S2;Manajer Lini / Pejabat Eselon IV/ III;27;4;4;3;4;4;3;3;4;3;3;3;4;3;4;4;3;4;3;3;4;4;4;2;3;4;3;3;3;5;5;1;1;6;5;5;5;7;5;29;37;42;33;141
40;Laki-laki;D4/S1;Staf / Pelaksana;20;5;5;5;4;4;5;3;3;4;5;4;3;1;4;1;4;2;4;1;4;4;4;2;4;5;5;5;2;4;4;1;1;7;7;1;7;7;7;34;33;45;36;148
54;Laki-laki;S2;Manajer Lini / Pejabat Eselon IV/ III;31;4;4;4;3;4;4;4;4;4;4;4;4;4;3;3;5;2;4;2;4;4;4;4;4;4;4;2;3;3;4;2;2;6;6;2;6;6;6;31;39;44;32;146
51;Laki-laki;S2;Manajer Lini / Pejabat Eselon IV/ III;25;5;5;4;2;5;5;1;1;4;5;4;5;1;2;4;5;1;5;5;5;5;5;1;5;5;5;3;1;5;5;1;1;7;7;1;7;7;7;28;41;47;36;152
37;Laki-laki;D1/D2/D3;Staf / Pelaksana;15;4;4;4;2;4;4;2;2;2;4;4;3;2;2;3;3;2;4;2;4;4;4;2;4;4;3;2;2;4;4;2;2;6;6;2;6;6;5;26;31;41;31;129
30;Laki-laki;S3;Staf / Pelaksana;9;5;5;5;2;5;5;5;3;1;4;5;5;2;4;4;5;4;4;2;4;5;5;2;4;5;5;3;4;5;4;2;1;7;7;2;7;7;7;35;40;49;37;161
35;Laki-laki;D4/S1;Staf / Pelaksana;15;5;5;5;3;4;5;1;3;2;4;5;4;1;4;3;3;2;4;1;4;4;4;1;2;3;3;1;1;4;4;1;1;7;7;2;6;7;7;31;33;33;36;133
29;Perempuan;D4/S1;Manajer Lini / Pejabat Eselon IV/ III;7;4;4;3;3;4;4;2;4;4;2;4;5;3;2;4;4;2;4;3;5;4;4;2;4;4;5;2;2;5;4;1;1;7;6;4;6;4;6;28;37;43;33;141
40;Perempuan;S2;Staf / Pelaksana;20;3;4;3;2;5;5;2;2;4;5;5;5;3;5;4;3;3;4;3;3;3;3;3;4;4;4;3;3;4;4;2;3;6;5;2;6;6;6;26;44;43;31;144
35;Perempuan;S2;Eksekutif / Pejabat Eselon II;13;5;5;5;3;4;5;1;3;1;4;4;5;2;5;4;4;3;4;3;3;5;5;4;4;4;4;3;3;4;4;1;1;6;6;2;6;6;6;31;39;45;32;147
29;Perempuan;S2;Manajer Lini / Pejabat Eselon IV/ III;7;4;4;4;2;5;4;2;1;3;3;3;3;2;3;4;3;2;4;2;4;5;4;2;4;4;4;3;3;4;4;3;2;6;6;2;7;6;7;26;32;46;34;138
30;Laki-laki;D4/S1;Staf / Pelaksana;2;4;5;4;2;4;4;1;3;2;4;3;4;2;5;4;4;4;4;1;4;4;4;3;3;3;4;2;2;4;4;1;2;5;6;3;6;6;4;27;37;40;30;134
28;Laki-laki;D4/S1;Staf / Pelaksana;4;5;5;5;2;5;5;1;2;4;4;5;5;1;4;4;5;1;2;2;4;4;4;2;4;4;4;3;4;4;5;2;2;7;7;2;7;7;7;30;37;46;37;150
29;Perempuan;D4/S1;Staf / Pelaksana;4;5;4;5;3;5;4;2;3;3;4;4;4;2;4;3;5;4;5;3;3;4;4;3;4;4;3;3;2;4;4;3;3;6;6;3;7;6;6;31;41;44;34;150
27;Perempuan;S2;Staf / Pelaksana;5;4;4;4;3;4;4;2;4;4;3;3;4;3;5;3;4;4;4;4;4;4;4;3;4;4;4;2;2;4;4;2;2;6;7;3;6;6;6;29;41;43;34;147
26;Laki-laki;D1/D2/D3;Staf / Pelaksana;4;5;4;5;2;3;4;3;3;4;3;2;3;4;5;4;4;4;4;4;4;3;3;2;4;4;4;2;2;4;3;2;3;7;5;3;6;4;6;29;41;40;31;141
27;Laki-laki;D4/S1;Manajer Lini / Pejabat Eselon IV/ III;4;4;4;4;2;4;4;2;3;3;3;4;3;2;4;3;4;3;4;1;4;4;4;3;4;4;4;2;2;5;5;2;2;6;6;2;6;5;6;27;34;45;31;137
28;Laki-laki;D4/S1;Manajer Lini / Pejabat Eselon IV/ III;3;5;5;4;5;4;5;1;2;4;5;2;5;1;5;5;5;2;5;1;5;3;4;1;4;5;5;2;1;5;5;1;1;6;7;3;6;7;3;31;40;42;32;145
28;Laki-laki;D4/S1;Staf / Pelaksana;4;5;5;4;2;4;5;4;2;4;4;2;4;1;4;4;4;2;4;1;4;4;4;2;4;2;4;2;1;4;4;2;1;7;6;6;6;6;7;31;34;38;38;141
27;Laki-laki;D4/S1;Staf / Pelaksana;3;3;4;4;3;4;4;1;2;4;3;4;4;2;2;3;5;2;4;2;4;4;4;2;3;4;2;2;2;3;3;2;2;6;5;3;5;5;5;25;35;37;29;126
26;Laki-laki;D4/S1;Staf / Pelaksana;4;4;5;4;5;4;4;5;2;2;4;4;5;2;3;4;5;2;4;1;4;5;4;2;4;5;5;2;2;5;4;2;2;6;6;2;6;7;7;33;36;46;34;149
30;Laki-laki;D4/S1;Eksekutif / Pejabat Eselon II;6;5;5;4;5;4;4;3;4;2;4;4;4;2;4;3;4;5;4;2;4;5;4;3;4;5;4;3;2;5;5;2;2;6;5;4;5;5;6;34;38;48;31;151
24;Perempuan;D4/S1;Staf / Pelaksana;2;4;4;4;3;4;4;2;2;4;4;4;3;2;4;3;5;2;4;2;4;4;4;3;3;4;2;3;2;4;4;1;2;6;6;3;6;7;7;27;37;40;35;139
27;Laki-laki;D4/S1;Manajer Lini / Pejabat Eselon IV/ III;6;5;5;4;4;5;5;1;2;2;5;5;5;1;2;3;5;3;4;1;4;5;5;4;5;5;4;3;1;4;4;1;1;7;7;3;7;7;7;31;36;46;38;151
34;Perempuan;D4/S1;Manajer Lini / Pejabat Eselon IV/ III;15;5;5;5;3;5;5;1;3;5;5;5;5;2;4;3;5;3;4;2;5;5;5;2;5;5;4;3;2;4;5;2;1;7;7;1;7;7;7;32;43;48;36;159
37;Perempuan;D4/S1;Manajer Lini / Pejabat Eselon IV/ III;15;5;5;4;3;4;5;2;2;3;4;4;3;2;3;3;4;2;4;2;4;4;4;2;4;4;3;2;1;4;4;1;1;7;6;1;7;6;7;30;34;38;34;136
25;Laki-laki;D4/S1;Staf / Pelaksana;3;4;5;4;3;4;4;2;2;2;3;3;3;3;3;2;4;3;3;3;4;4;4;3;3;4;4;3;3;4;4;2;3;6;6;4;6;6;5;28;32;45;33;138
22;Perempuan;D1/D2/D3;Staf / Pelaksana;2;4;3;4;4;4;3;2;2;4;4;4;4;3;5;3;3;3;4;4;4;4;5;4;4;4;3;2;2;3;4;2;2;6;6;3;6;6;7;26;41;43;34;144
28;Laki-laki;D4/S1;Staf / Pelaksana;1;4;4;4;2;5;4;2;2;3;3;3;3;3;2;3;4;3;3;2;3;3;3;1;3;3;3;3;2;3;3;1;1;7;5;2;7;6;6;27;32;32;33;124
35;Laki-laki;D4/S1;Staf / Pelaksana;13;4;4;5;4;3;4;3;4;2;4;4;4;2;3;3;4;4;3;4;4;4;4;4;4;4;3;4;4;4;3;1;3;5;4;3;5;6;6;31;37;46;29;143
27;Perempuan;D4/S1;Staf / Pelaksana;5;5;5;5;2;4;4;1;3;4;4;4;4;1;3;4;4;2;4;1;4;4;4;2;4;4;4;2;3;4;4;1;1;7;6;3;6;5;7;29;35;41;34;139
27;Perempuan;S2;Staf / Pelaksana;2;4;4;4;3;3;4;3;4;4;2;2;4;3;4;4;3;3;3;3;4;4;4;4;3;4;3;4;4;4;3;2;3;6;5;4;5;5;5;29;35;46;30;140
25;Perempuan;D4/S1;Staf / Pelaksana;2;4;4;3;3;3;2;3;4;4;2;2;2;4;4;4;3;2;4;3;4;4;4;4;4;3;3;4;4;3;3;4;3;6;5;6;6;4;5;26;34;47;32;139
30;Laki-laki;D4/S1;Manajer Lini / Pejabat Eselon IV/ III;7;4;4;4;3;4;4;2;2;3;3;4;4;2;2;4;4;2;4;2;4;4;4;2;4;4;4;3;3;4;4;2;2;6;5;3;5;6;6;27;34;44;31;136
25;Laki-laki;D4/S1;Manajer Lini / Pejabat Eselon IV/ III;2;5;4;4;3;5;4;2;2;4;5;5;5;2;2;5;5;2;4;1;4;4;4;2;4;4;4;2;2;4;5;2;1;7;7;3;7;6;7;29;40;42;37;148
23;Laki-laki;D4/S1;Staf / Pelaksana;1;4;2;4;4;3;3;3;4;4;2;3;4;4;5;4;3;4;2;4;3;4;4;2;3;4;2;4;3;4;3;3;3;7;6;5;6;5;3;27;39;42;32;140
29;Perempuan;D4/S1;Manajer Lini / Pejabat Eselon IV/ III;8;5;3;5;3;4;4;2;5;5;3;4;5;5;4;5;5;4;4;1;5;4;4;2;2;4;4;2;1;5;4;1;2;6;6;5;6;4;5;31;45;40;32;148
24;Perempuan;D4/S1;Staf / Pelaksana;2;4;2;3;2;3;3;2;3;4;2;2;4;3;5;4;4;4;4;4;5;2;3;3;4;4;5;2;2;5;4;1;3;7;5;3;6;3;5;22;40;43;29;134
26;Perempuan;D4/S1;Staf / Pelaksana;4;4;5;5;2;2;4;1;5;4;3;4;4;2;5;3;4;2;5;2;5;4;5;2;5;4;4;3;4;5;4;1;1;6;7;6;7;6;5;28;38;47;37;150
23;Perempuan;SMA/ setara;Staf / Pelaksana;32;3;4;3;2;3;3;1;3;3;4;2;3;2;2;2;3;3;4;2;4;3;3;3;4;4;4;3;1;4;4;1;4;5;6;3;5;6;6;22;30;42;31;125
21;Laki-laki;SMA/ setara;Staf / Pelaksana;2;4;5;5;4;3;5;1;5;3;4;3;4;4;5;3;5;5;5;3;4;3;4;4;5;5;3;3;3;5;5;3;4;6;5;3;6;7;7;32;44;51;34;161
28;Laki-laki;D4/S1;Staf / Pelaksana;9;4;5;5;3;5;5;1;4;1;4;5;4;2;3;5;4;5;5;2;5;5;5;1;5;5;5;5;5;5;5;1;4;7;7;1;7;7;7;32;40;56;36;164
23;Perempuan;D4/S1;Staf / Pelaksana;3;3;4;3;4;3;4;3;3;3;4;3;2;2;3;2;2;3;2;2;3;3;3;3;3;3;3;2;3;4;4;2;2;5;4;2;5;5;5;27;28;38;26;119
20;Perempuan;D4/S1;Staf / Pelaksana;2;5;4;4;3;4;5;4;2;4;2;5;5;2;5;4;5;5;4;2;5;4;4;4;3;4;5;5;4;5;5;1;1;7;6;3;6;4;6;31;43;50;32;156
26;Perempuan;D4/S1;Staf / Pelaksana;1;4;5;5;4;5;4;2;3;2;4;3;5;2;3;4;2;2;4;1;4;4;5;2;5;4;3;2;1;5;4;1;1;7;6;4;7;7;7;32;32;41;38;143
27;Perempuan;D4/S1;Staf / Pelaksana;1;5;4;5;4;5;5;3;3;4;5;5;5;4;5;4;5;5;5;4;4;4;4;4;5;5;5;4;4;3;4;3;3;7;6;1;7;6;7;34;51;52;34;171
28;Laki-laki;D4/S1;Staf / Pelaksana;5;3;4;4;3;3;4;3;4;3;4;2;3;2;4;4;4;3;3;4;4;4;8;5;3;5;3;4;4;2;5;5;3;4;5;5;4;5;5;28;36;55;28;147
24;Perempuan;D4/S1;Staf / Pelaksana;2;4;2;3;2;3;3;2;3;4;2;2;4;3;5;4;4;4;4;4;5;2;3;3;4;4;5;2;2;5;4;1;3;7;5;3;6;3;5;22;40;43;29;134
26;Perempuan;D4/S1;Staf / Pelaksana;4;4;5;5;2;2;4;1;5;4;3;4;4;2;5;3;4;2;5;2;5;4;5;2;5;4;4;3;4;5;4;1;1;6;7;6;7;6;5;28;38;47;37;150
23;Perempuan;SMA/ setara;Staf / Pelaksana;32;3;4;3;2;3;3;1;3;3;4;2;3;2;2;2;3;3;4;2;4;3;3;3;4;4;4;3;1;4;4;1;4;5;6;3;5;6;6;22;30;42;31;125
21;Laki-laki;SMA/ setara;Staf / Pelaksana;2;4;5;5;4;3;5;1;5;3;4;3;4;4;5;3;5;5;5;3;4;3;4;4;5;5;3;3;3;5;5;3;4;6;5;3;6;7;7;32;44;51;34;161
28;Laki-laki;D4/S1;Staf / Pelaksana;9;4;5;5;3;5;5;1;4;1;4;5;4;2;3;5;4;5;5;2;5;5;5;1;5;5;5;5;5;5;5;1;4;7;7;1;7;7;7;32;40;56;36;164
23;Perempuan;D4/S1;Staf / Pelaksana;3;3;4;3;4;3;4;3;3;3;4;3;2;2;3;2;2;3;2;2;3;3;3;3;3;3;3;2;3;4;4;2;2;5;4;2;5;5;5;27;28;38;26;119
20;Perempuan;D4/S1;Staf / Pelaksana;2;5;4;4;3;4;5;4;2;4;2;5;5;2;5;4;5;5;4;2;5;4;4;4;3;4;5;5;4;5;5;1;1;7;6;3;6;4;6;31;43;50;32;156
26;Perempuan;D4/S1;Staf / Pelaksana;1;4;5;5;4;5;4;2;3;2;4;3;5;2;3;4;2;2;4;1;4;4;5;2;5;4;3;2;1;5;4;1;1;7;6;4;7;7;7;32;32;41;38;143
27;Perempuan;D4/S1;Staf / Pelaksana;1;5;4;5;4;5;5;3;3;4;5;5;5;4;5;4;5;5;5;4;4;4;4;4;5;5;5;4;4;3;4;3;3;7;6;1;7;6;7;34;51;52;34;171
28;Laki-laki;D4/S1;Staf / Pelaksana;5;3;4;4;3;3;4;3;4;3;4;2;3;2;4;4;4;3;3;4;4;3;3;2;3;2;4;4;3;5;4;2;2;6;4;5;5;4;5;28;36;41;29;134
25;Perempuan;D4/S1;Staf / Pelaksana;1;5;4;3;3;3;2;2;5;5;1;4;3;5;5;3;3;4;2;5;3;4;3;4;3;4;4;3;4;5;4;3;4;3;5;7;3;7;5;27;40;48;30;145
25;Perempuan;D4/S1;Staf / Pelaksana;3;4;4;4;3;4;4;2;4;4;4;4;4;4;4;3;4;3;3;2;4;4;4;2;4;4;4;4;4;4;4;1;2;6;5;3;5;5;5;29;39;45;29;142
39;Perempuan;D1/D2/D3;Staf / Pelaksana;15;5;5;5;3;5;5;1;2;4;4;4;5;2;3;5;4;3;5;3;5;5;5;1;5;4;4;2;2;5;5;1;2;7;7;1;7;7;7;31;42;46;36;155
24;Laki-laki;D4/S1;Staf / Pelaksana;1;5;3;3;2;4;4;1;3;4;2;5;5;3;4;4;4;2;4;4;4;4;3;4;4;5;4;3;2;4;4;4;2;7;6;2;6;5;4;25;41;47;30;143
33;Laki-laki;D4/S1;Staf / Pelaksana;9;5;4;4;4;4;4;2;2;4;4;4;4;4;4;4;4;4;4;2;4;4;4;3;4;4;4;4;3;4;4;2;2;6;6;3;6;6;6;29;42;46;33;150
33;Perempuan;D4/S1;Staf / Pelaksana;10;3;4;4;2;3;4;2;2;4;4;4;4;4;4;4;4;2;4;2;4;3;3;3;4;3;3;3;3;4;4;1;2;5;4;2;5;4;5;24;40;40;25;129
32;Perempuan;D4/S1;Staf / Pelaksana;10;4;4;4;3;4;4;4;2;5;4;4;4;4;4;4;4;4;4;4;4;4;4;2;4;4;4;4;4;4;5;1;1;6;6;5;6;5;5;29;45;45;33;152
32;Perempuan;S2;Manajer Lini / Pejabat Eselon IV/ III;6;4;4;4;3;3;4;1;4;4;4;3;4;2;2;4;5;4;4;3;4;4;4;2;4;4;3;2;2;4;4;2;2;6;6;1;6;6;6;27;39;41;31;138
25;Laki-laki;D4/S1;Staf / Pelaksana;1;3;5;4;3;5;5;1;3;5;4;4;4;2;5;3;4;2;5;2;4;4;4;3;4;4;4;1;1;3;4;1;1;7;6;1;7;7;5;29;40;38;33;140
31;Laki-laki;D4/S1;Staf / Pelaksana;2;4;3;4;4;5;4;3;4;4;4;4;4;3;4;3;3;4;2;1;3;4;3;3;2;3;4;3;3;3;3;3;3;5;6;2;6;6;5;31;36;40;30;137
22;Laki-laki;D4/S1;Staf / Pelaksana;1;3;3;4;4;4;3;2;3;4;4;1;3;3;4;4;2;5;4;4;4;3;3;3;4;4;4;4;4;4;4;4;3;6;5;4;5;5;4;26;38;48;29;141
23;Perempuan;D4/S1;Staf / Pelaksana;8;5;4;4;3;4;4;3;3;4;4;4;4;4;2;3;3;2;4;2;4;4;5;3;4;4;3;4;4;4;4;1;1;6;4;1;5;6;6;30;36;45;28;139
23;Perempuan;D4/S1;Staf / Pelaksana;1;4;4;4;3;4;4;2;3;3;3;3;4;3;4;3;3;3;4;3;3;3;3;3;4;4;4;3;3;4;4;2;3;5;5;4;5;4;4;28;36;43;27;134
24;Perempuan;D4/S1;Staf / Pelaksana;1;3;1;1;5;1;1;3;4;4;2;1;5;5;5;1;1;5;1;4;1;1;5;1;5;1;1;5;1;5;5;1;5;1;7;7;1;1;1;19;34;37;18;108
20;Laki-laki;D4/S1;Staf / Pelaksana;2;4;5;4;3;5;5;1;3;5;5;5;5;5;3;5;4;5;5;4;4;5;4;1;4;5;3;4;5;4;3;2;1;7;7;2;6;5;7;30;51;45;34;160
22;Perempuan;D4/S1;Staf / Pelaksana;1;5;4;4;3;4;4;2;3;4;4;4;4;4;5;3;4;4;4;3;3;3;4;2;4;3;4;3;2;5;4;2;2;6;5;4;5;6;6;29;43;41;32;145
23;Perempuan;D4/S1;Staf / Pelaksana;1;5;5;5;1;5;5;5;5;5;5;4;5;3;5;5;1;5;5;5;5;3;4;5;5;5;5;5;5;5;5;1;1;7;5;1;7;7;6;36;48;54;33;171
26;Laki-laki;D4/S1;Staf / Pelaksana;3;5;5;5;5;5;5;1;4;5;5;5;5;2;5;5;4;3;4;4;5;5;5;1;4;4;5;4;3;5;5;2;1;7;7;1;7;6;7;35;47;49;35;166
24;Perempuan;D4/S1;Staf / Pelaksana;2;4;4;4;2;5;4;1;1;1;4;4;4;1;1;1;1;4;4;1;4;4;4;1;4;4;4;4;4;4;4;4;4;7;3;1;7;6;6;25;26;49;30;130
20;Laki-laki;D4/S1;Staf / Pelaksana;1;4;4;4;4;3;3;1;2;2;4;1;3;2;4;4;2;3;2;3;4;3;2;2;4;3;3;2;3;3;3;2;2;7;4;5;4;6;7;25;30;36;33;124
23;Perempuan;D4/S1;Staf / Pelaksana;1;5;4;4;2;4;4;2;2;4;3;3;4;1;4;2;3;3;4;3;4;4;4;2;4;4;4;4;3;4;3;3;3;7;4;2;5;5;6;27;34;46;29;136
22;Perempuan;D4/S1;Staf / Pelaksana;1;4;4;5;5;4;4;4;4;5;4;4;4;3;4;3;4;4;4;3;4;4;4;4;4;5;4;4;5;4;4;4;4;6;5;3;6;7;6;34;42;54;33;163
22;Laki-laki;D4/S1;Staf / Pelaksana;1;4;3;3;3;4;3;4;3;5;4;3;3;3;3;3;3;4;4;3;3;3;3;3;3;3;3;3;4;3;5;3;3;6;4;3;4;4;4;27;38;42;25;132
20;Laki-laki;D4/S1;Staf / Pelaksana;1;5;4;5;5;5;5;2;4;4;4;4;4;2;4;5;4;4;4;2;4;3;4;4;4;4;5;5;2;5;5;2;2;7;5;3;7;7;6;35;41;49;35;160
22;Perempuan;D4/S1;Staf / Pelaksana;3;5;5;5;5;5;5;5;1;5;5;5;5;5;5;5;5;5;5;5;5;5;5;5;5;1;5;5;5;5;5;5;5;7;7;1;7;7;7;36;55;61;36;188
20;Laki-laki;D4/S1;Staf / Pelaksana;2;5;4;5;4;5;5;1;4;2;4;4;5;1;3;5;5;2;4;3;5;5;5;4;5;5;5;3;3;5;5;2;1;6;7;5;7;7;6;33;38;53;38;162
25;Laki-laki;D4/S1;Staf / Pelaksana;1;5;4;4;4;3;5;3;4;4;5;5;5;2;5;3;4;3;3;3;3;4;3;2;4;4;5;3;2;4;4;4;3;7;6;1;7;7;5;32;42;45;33;152
24;Perempuan;D4/S1;Staf / Pelaksana;2;2;5;4;3;4;4;4;4;4;4;3;3;3;4;3;3;4;3;3;3;3;4;3;4;3;3;3;3;3;3;2;2;6;5;1;6;5;5;30;37;39;28;134
22;Laki-laki;D4/S1;Staf / Pelaksana;1;5;4;4;3;4;5;3;3;2;4;4;4;2;5;4;4;4;5;3;4;4;4;1;4;5;4;4;2;4;4;1;1;7;6;4;6;7;6;31;41;42;36;150
23;Perempuan;D4/S1;Staf / Pelaksana;1;5;5;4;5;2;3;4;4;4;4;3;4;3;4;4;4;3;4;3;4;3;3;3;4;5;4;2;3;3;3;1;2;7;5;3;6;6;6;32;40;40;33;145
25;Perempuan;D4/S1;Staf / Pelaksana;1;4;5;4;3;3;3;2;3;4;3;3;4;2;4;3;4;2;3;3;4;3;4;3;3;4;4;2;1;5;4;1;2;6;5;4;6;6;5;27;35;40;32;134
18;Perempuan;D4/S1;Staf / Pelaksana;1;4;4;4;4;4;4;4;4;4;4;5;4;4;4;4;4;4;4;4;4;4;4;4;4;4;4;4;4;4;4;4;4;5;5;3;5;4;5;32;45;52;27;156
21;Laki-laki;D4/S1;Staf / Pelaksana;12;2;4;5;5;4;3;3;3;5;5;4;4;5;5;4;4;5;3;4;3;5;3;4;2;4;4;4;5;5;5;1;4;7;7;1;7;5;7;29;48;49;34;160
21;Laki-laki;D4/S1;Staf / Pelaksana;1;4;4;5;1;4;5;1;4;3;4;2;4;3;2;4;5;4;4;5;5;4;4;2;4;4;4;5;2;4;5;2;1;6;5;3;6;7;7;28;40;46;34;148
27;Perempuan;D4/S1;Staf / Pelaksana;1;5;4;3;3;3;4;2;4;2;3;5;4;2;5;2;5;4;4;2;3;4;3;1;4;2;3;2;2;2;2;2;3;3;5;2;6;7;5;28;38;33;28;127
24;Perempuan;D4/S1;Staf / Pelaksana;1;4;4;4;2;4;4;3;3;2;4;4;3;4;4;3;4;4;4;4;4;3;4;3;4;4;3;4;3;3;4;3;3;6;5;5;6;6;6;28;40;45;34;147
22;Perempuan;D4/S1;Staf / Pelaksana;11;4;5;3;2;3;3;4;3;4;3;4;4;5;2;3;3;4;3;2;3;4;3;5;4;3;3;4;5;3;5;4;2;5;4;2;4;4;5;27;37;48;24;136
24;Laki-laki;D4/S1;Staf / Pelaksana;1;4;4;4;3;4;4;4;4;3;4;4;3;4;3;4;4;4;4;3;4;4;3;4;4;4;4;4;4;4;4;4;4;6;5;3;5;5;6;31;40;51;30;152
23;Laki-laki;D4/S1;Staf / Pelaksana;1;5;4;4;3;4;4;2;3;4;5;3;4;3;4;4;4;4;3;4;3;3;4;4;3;4;3;4;3;4;4;3;4;7;6;5;5;5;6;29;42;46;34;151
24;Perempuan;D4/S1;Staf / Pelaksana;1;4;4;4;2;4;4;3;4;3;4;3;3;2;3;3;3;4;3;2;3;3;3;3;3;2;2;2;2;5;5;2;2;6;4;4;5;5;4;29;33;37;28;127
23;Perempuan;D4/S1;Staf / Pelaksana;2;4;4;4;3;4;4;4;4;3;4;2;3;3;4;3;3;3;3;3;3;4;4;3;3;4;3;4;3;4;4;4;3;6;5;3;6;5;6;31;34;46;31;142
24;Perempuan;D4/S1;Staf / Pelaksana;1;5;5;5;4;4;4;4;3;4;5;2;4;5;5;3;3;5;2;4;3;4;3;2;3;2;3;5;3;4;4;1;2;5;4;2;6;6;6;34;42;39;29;144
22;Laki-laki;D4/S1;Manajer Lini / Pejabat Eselon IV/ III;1;4;4;5;5;5;4;4;3;5;4;3;3;4;4;4;4;5;4;3;3;4;4;4;4;4;3;3;3;4;4;3;3;6;6;5;5;5;4;34;43;46;31;154
22;Perempuan;D4/S1;Staf / Pelaksana;1;4;4;4;2;4;4;3;3;3;4;4;4;3;3;3;4;3;3;3;3;4;3;3;3;3;4;4;3;4;4;3;4;6;4;4;6;6;6;28;37;45;32;142
21;Laki-laki;D4/S1;Staf / Pelaksana;2;4;4;3;2;4;3;2;4;5;3;2;2;2;3;2;3;3;3;4;2;2;3;3;3;3;3;3;3;3;3;3;2;5;4;4;4;5;4;26;32;36;26;120
29;Perempuan;S2;Staf / Pelaksana;5;4;3;2;3;3;4;2;3;2;2;3;4;5;5;1;4;5;4;1;4;4;3;2;4;4;3;2;2;5;4;4;1;5;5;2;5;5;2;24;36;42;24;126
35;Laki-laki;S2;Staf / Pelaksana;5;4;4;4;2;3;3;2;3;2;3;1;4;2;3;4;3;3;4;3;4;4;4;2;3;5;4;2;1;4;3;2;3;6;5;3;5;6;4;25;32;41;29;127
23;Laki-laki;D4/S1;Staf / Pelaksana;1;5;4;4;4;4;4;1;4;4;4;2;5;2;4;4;3;5;4;3;4;4;5;5;4;4;4;2;3;5;5;1;2;6;6;3;7;7;6;30;40;48;35;153
29;Laki-laki;D4/S1;Staf / Pelaksana;5;3;5;5;2;4;4;3;4;2;2;3;4;1;2;4;2;4;4;2;4;4;4;4;3;3;3;2;3;4;2;1;2;6;5;3;6;5;5;30;30;39;30;129
32;Perempuan;S2;Staf / Pelaksana;7;2;4;5;2;4;4;3;2;5;2;4;4;4;4;3;3;4;4;3;3;2;4;4;4;3;4;2;2;4;4;1;2;6;5;3;6;5;6;26;40;39;31;136
27;Laki-laki;D4/S1;Staf / Pelaksana;7;4;4;4;3;4;4;3;4;3;4;4;4;3;4;3;4;4;4;4;4;4;4;4;4;4;4;4;3;4;3;2;3;5;5;3;5;5;5;30;41;47;28;146
34;Laki-laki;S2;Manajer Lini / Pejabat Eselon IV/ III;11;5;4;4;3;3;4;2;3;4;4;4;4;3;2;3;4;3;4;2;3;3;3;3;3;4;4;4;2;4;4;2;1;6;6;2;6;5;6;28;37;40;31;136
28;Perempuan;D4/S1;Staf / Pelaksana;15;4;4;4;4;4;2;5;4;1;4;3;4;1;5;4;4;4;4;1;4;4;4;1;3;2;3;4;4;4;4;1;5;6;6;7;6;3;4;31;35;43;32;141
44;Perempuan;S2;Staf / Pelaksana;20;4;4;4;4;4;4;3;3;3;2;4;3;3;5;3;5;3;4;3;4;4;4;3;4;4;4;3;2;5;5;2;2;6;5;3;6;6;5;30;38;46;31;145
31;Laki-laki;D1/D2/D3;Staf / Pelaksana;10;3;2;1;1;5;5;1;3;4;4;3;4;1;3;3;2;2;4;2;5;4;5;2;4;4;4;2;2;4;4;1;1;6;5;1;7;7;6;21;32;42;32;127
28;Perempuan;D4/S1;Staf / Pelaksana;4;4;4;5;4;5;5;2;3;3;4;4;4;4;4;4;4;2;4;4;4;4;4;3;4;5;4;3;4;5;5;5;2;7;6;3;7;7;7;32;41;52;37;162
38;Perempuan;D1/D2/D3;Manajer Lini / Pejabat Eselon IV/ III;16;5;4;4;3;4;4;1;2;3;3;4;4;2;3;3;4;1;4;2;4;3;4;2;4;4;4;3;2;4;4;2;3;7;6;2;7;6;6;27;33;43;34;137
36;Perempuan;D4/S1;Staf / Pelaksana;10;4;5;5;4;5;5;2;2;1;3;3;2;1;3;3;5;2;4;2;5;3;4;1;4;5;5;3;2;5;4;1;5;7;6;3;7;6;5;32;29;47;34;142
30;Perempuan;D4/S1;Manajer Lini / Pejabat Eselon IV/ III;8;4;4;4;4;4;4;2;3;4;2;2;4;2;2;4;2;2;2;2;1;3;4;2;4;4;4;4;3;4;4;2;2;6;5;2;6;6;6;29;28;41;31;129
27;Perempuan;D4/S1;Staf / Pelaksana;3;5;5;5;3;4;4;2;2;2;4;4;4;3;3;3;4;3;4;3;3;3;4;3;3;3;3;3;3;3;3;3;3;6;6;3;6;6;6;30;37;40;33;140
42;Laki-laki;D4/S1;Eksekutif / Pejabat Eselon II;20;4;5;5;4;5;5;1;3;4;4;3;2;2;2;2;2;2;4;1;4;4;4;1;4;4;4;3;2;3;3;1;1;7;7;2;7;7;7;32;28;38;37;135
40;Perempuan;D4/S1;Staf / Pelaksana;3;5;5;3;3;3;4;2;3;5;4;3;3;3;2;2;4;3;4;3;4;3;3;4;4;3;4;3;1;4;3;1;2;6;5;5;6;4;6;28;36;39;32;135
22;Perempuan;S2;Staf / Pelaksana;1;4;5;5;2;4;4;1;4;4;4;2;4;4;5;2;5;2;4;5;4;4;5;2;4;4;5;4;5;5;5;2;4;6;6;3;6;6;7;29;41;53;34;157
32;Perempuan;S2;Staf / Pelaksana;2;5;4;4;4;5;4;4;4;4;2;2;2;3;5;3;2;3;4;4;4;4;4;2;4;4;4;3;2;3;3;3;4;7;7;5;7;7;7;34;34;44;40;152
39;Laki-laki;SMA/ setara;Staf / Pelaksana;15;5;5;5;4;5;5;2;3;3;2;3;3;3;4;2;2;4;4;3;3;4;4;2;4;3;3;3;3;3;4;1;3;7;7;3;7;6;6;34;33;40;36;143
32;Perempuan;D4/S1;Manajer Lini / Pejabat Eselon IV/ III;11;5;5;4;4;4;4;2;3;4;3;4;4;3;5;3;3;3;4;5;4;4;4;2;3;4;4;2;2;4;3;3;1;7;6;2;6;6;6;31;41;40;33;145
27;Perempuan;D4/S1;Manajer Lini / Pejabat Eselon IV/ III;6;5;4;4;3;4;4;2;3;3;4;3;3;2;2;3;4;2;5;2;3;3;3;2;4;4;3;3;3;4;4;2;1;7;6;3;6;5;6;29;33;39;33;134
37;Laki-laki;D4/S1;Manajer Lini / Pejabat Eselon IV/ III;19;5;5;4;2;5;5;1;3;3;4;4;4;2;4;4;5;2;5;2;4;5;4;3;3;4;4;3;2;4;4;3;2;6;7;1;7;7;7;30;39;45;35;149
36;Perempuan;S2;Staf / Pelaksana;10;4;4;4;4;3;3;3;4;5;3;3;2;4;5;3;3;5;3;5;4;4;3;3;4;3;3;5;3;4;2;4;2;6;5;5;4;4;7;29;41;44;31;145
22;Perempuan;D4/S1;Staf / Pelaksana;1;4;5;4;2;4;4;3;3;2;4;2;4;2;2;3;3;3;4;2;4;4;4;2;4;2;2;2;2;4;3;1;2;6;5;6;5;5;4;29;31;36;31;127
27;Perempuan;D4/S1;Staf / Pelaksana;1;5;4;5;2;4;5;3;2;3;4;4;4;4;5;3;4;5;4;3;4;3;4;3;4;4;4;3;4;4;4;2;2;7;6;3;5;5;5;30;43;45;31;149
38;Laki-laki;D4/S1;Staf / Pelaksana;10;5;4;5;3;3;4;3;2;5;2;1;1;1;5;1;1;5;2;3;4;3;4;2;3;4;4;4;3;3;2;2;4;6;6;4;5;6;5;29;27;42;32;130
32;Perempuan;S2;Staf / Pelaksana;4;5;3;4;1;3;2;5;4;5;1;3;2;5;4;3;1;4;3;4;2;2;2;2;3;4;5;4;2;3;3;4;4;5;5;7;5;6;2;27;35;40;30;132
50;Laki-laki;D4/S1;Eksekutif / Pejabat Eselon II;28;5;5;5;2;5;5;1;1;3;4;4;4;1;4;4;5;5;5;3;4;4;4;2;4;4;5;2;1;4;4;1;1;6;5;1;6;6;6;29;42;40;30;141
35;Laki-laki;D4/S1;Staf / Pelaksana;11;5;4;2;2;3;5;1;2;3;5;5;5;2;4;3;4;4;4;1;4;3;4;1;5;3;5;3;2;5;5;1;3;7;5;1;6;5;6;24;40;44;30;138
24;Perempuan;D4/S1;Staf / Pelaksana;2;4;5;5;3;4;4;2;3;4;3;4;5;3;4;4;3;4;4;2;4;4;4;3;4;4;5;2;3;5;5;1;2;6;5;2;6;6;6;30;40;46;31;147
36;Laki-laki;D4/S1;Manajer Lini / Pejabat Eselon IV/ III;9;5;4;4;3;4;4;2;4;5;4;5;5;3;3;4;5;1;4;3;4;4;4;3;4;4;4;2;2;4;4;1;1;7;5;2;6;7;6;30;42;41;33;146
23;Perempuan;D4/S1;Staf / Pelaksana;01.05;4;5;3;3;5;5;2;2;3;4;2;2;1;3;3;2;4;4;1;5;4;4;1;4;4;5;1;1;5;5;1;1;6;6;3;6;7;7;29;29;41;35;134
35;Perempuan;D4/S1;Eksekutif / Pejabat Eselon II;10;5;5;5;3;5;5;5;1;3;4;3;5;1;2;5;5;1;5;2;5;5;5;1;5;5;5;1;1;5;5;1;1;7;7;1;7;7;7;34;36;45;36;151
24;Perempuan;D4/S1;Staf / Pelaksana;7;4;4;5;2;4;5;1;2;4;4;4;3;1;3;3;4;2;4;2;4;4;4;3;4;4;4;3;2;4;3;2;2;6;6;2;6;5;6;27;34;43;31;135
34;Perempuan;D4/S1;Manajer Lini / Pejabat Eselon IV/ III;5;4;5;5;1;5;5;1;4;4;3;2;2;3;3;2;3;3;3;3;4;4;4;3;4;4;4;3;3;4;4;2;2;7;4;4;6;6;7;30;31;45;34;140
28;Laki-laki;S2;Staf / Pelaksana;2;3;4;3;2;3;4;2;3;3;4;4;3;2;5;3;4;2;4;2;4;4;3;3;4;4;4;2;2;4;4;2;2;5;5;6;5;6;6;24;36;42;33;135
34;Laki-laki;D4/S1;Staf / Pelaksana;9;4;5;4;4;3;4;2;4;4;4;3;4;4;5;4;3;3;3;3;4;4;4;2;4;4;4;2;2;4;4;2;2;5;6;3;5;6;6;30;40;42;31;143
25;Perempuan;D4/S1;Staf / Pelaksana;2;4;4;4;2;4;4;2;3;2;4;3;3;2;4;2;3;4;4;3;4;4;4;2;4;3;4;2;2;4;4;2;2;6;5;2;6;6;5;27;34;41;30;132
32;Laki-laki;S2;Manajer Lini / Pejabat Eselon IV/ III;1;4;5;4;4;4;5;4;3;5;3;1;2;3;3;3;4;4;2;4;4;5;4;4;3;3;4;1;1;4;4;4;3;6;7;1;6;6;7;33;34;44;33;144
29;Perempuan;D4/S1;Staf / Pelaksana;7;4;4;4;2;3;2;4;4;2;2;2;2;2;4;2;2;3;2;4;2;3;3;3;3;2;2;1;2;2;2;2;4;6;6;4;5;4;5;27;27;31;30;115
35;Perempuan;D4/S1;Staf / Pelaksana;12;5;5;5;4;5;5;3;4;2;5;4;5;3;4;5;4;2;5;2;5;5;4;3;5;5;5;4;4;5;5;2;2;7;6;3;7;7;7;36;41;54;37;168
35;Perempuan;S2;Staf / Pelaksana;2;4;5;5;2;3;5;1;2;5;3;3;1;3;5;4;1;5;3;3;3;3;3;3;3;3;3;4;5;5;5;3;4;7;7;4;7;7;7;27;36;47;39;149
36;Laki-laki;D4/S1;Eksekutif / Pejabat Eselon II;14;5;4;3;3;3;4;4;3;4;4;4;4;4;4;3;5;5;4;5;4;4;3;2;3;3;4;4;4;5;4;2;3;5;5;4;5;5;5;29;46;45;29;149
40;Laki-laki;D4/S1;Manajer Lini / Pejabat Eselon IV/ III;10;3;3;3;4;4;4;3;4;4;4;4;4;4;4;4;4;4;4;4;4;4;4;4;4;4;4;4;4;4;4;4;4;6;6;6;6;6;6;28;44;52;36;160
25;Perempuan;D4/S1;Manajer Lini / Pejabat Eselon IV/ III;2;4;4;4;3;3;4;1;5;4;4;4;2;2;5;1;2;3;3;2;4;4;4;1;4;4;4;3;1;5;4;1;1;7;5;4;5;6;7;28;32;40;34;134
22;Perempuan;D4/S1;Staf / Pelaksana;01.05;4;4;5;3;4;4;2;2;4;3;4;4;3;4;4;4;3;3;2;4;4;4;2;4;4;5;2;2;5;5;1;1;7;6;1;7;6;6;28;38;43;33;142
22;Laki-laki;D4/S1;Staf / Pelaksana;1;4;4;4;3;3;4;2;3;4;4;3;4;4;5;4;3;3;4;2;4;4;4;3;4;3;3;3;2;4;4;2;4;6;5;3;5;5;6;27;40;44;30;141
22;Laki-laki;D1/D2/D3;Staf / Pelaksana;1;4;5;5;3;4;5;1;4;4;4;2;4;2;4;2;4;3;4;4;4;5;5;4;4;4;4;4;3;4;4;5;5;7;7;3;7;5;7;31;37;55;36;159
21;Perempuan;SMA/ setara;Staf / Pelaksana;2;4;5;4;3;4;4;2;2;4;4;4;3;2;4;2;5;3;2;1;4;3;4;2;4;4;4;2;2;4;4;1;2;7;6;3;7;5;6;28;34;40;34;136
23;Perempuan;D4/S1;Staf / Pelaksana;01.05;4;4;4;3;5;5;4;3;4;5;2;4;2;3;4;4;4;4;3;4;4;4;2;4;2;4;3;2;4;4;2;2;6;6;2;6;6;6;32;39;41;32;144
30;Perempuan;S2;Manajer Lini / Pejabat Eselon IV/ III;10;4;5;4;2;4;4;1;3;3;4;4;4;3;3;4;5;2;4;1;4;4;4;2;4;3;3;3;3;3;4;1;2;7;6;1;7;6;7;27;37;40;34;138
27;Perempuan;D4/S1;Staf / Pelaksana;4;4;4;5;2;4;4;3;3;4;4;5;4;2;5;4;4;3;3;4;4;3;4;3;3;2;3;4;3;4;3;2;2;6;5;4;5;6;5;29;42;40;31;142
25;Laki-laki;D4/S1;Staf / Pelaksana;2;4;2;4;2;4;4;2;2;4;4;4;4;3;4;3;4;2;4;4;4;4;4;2;4;4;4;4;2;4;4;2;2;5;5;3;6;6;6;24;40;44;31;139
;;;;jumlah;885;907;898;638;869;894;508;645;736;801;758;812;542;792;720;793;697;823;593;849;827;856;578;830;816;828;659;578;883;881;456;507;1358;1241;621;1305;1250;Rsquare;0,708154609;0,766965935;0,79634431;0,543983571;
;;;;varian;0,841056494;0,574031405;0,582650623;0,991764806;0,624978665;0,615207373;1,37391193;1,073306025;1,137523468;0,788487797;1,130739034;0,849761051;1,241892814;1,200844854;0,921573647;1,171658986;1,260411333;0,720686124;1,354155999;0,608038914;0,589136371;0,524705581;1,14093702;0,487711214;0,738607271;0,660308926;1,10974569;1,215011094;0,592421915;0,56583888;1,119303635;1,27056665;0,73864994;0,888206179;2,378946919;0,911845025;1,173792456;Rtable;0,1164;0,1164;0,1164;0,1164;Total Varian
;;;;reliabilitas;1,027490998;1,054039355;1,053182409;1,012507169;1,04897404;1,049945529;0,974513068;1,004400121;1,064833837;1,079033473;1,065109845;1,076540726;1,060587834;1,062257766;1,073619211;1,06344512;1,059834454;1,081791814;1,056020689;1,083742518;1,084593345;1,087493456;1,059756106;1,089158618;1,077865473;1,081389779;1,061160067;1,05642194;1,084445459;1,085641994;1,060729852;1,053921314;;;;;;Varian;11,17562724;27,31178529;24,68518519;11,87348524;149,0011094
;;;;;;;;;;;;;;;;;;;;;;;;;;;;;;;;;;;;;;;;;;total;75,04608295;;;;
;;;;;;;;;;;;;;;;;;;;;;;;;;;;;;;;;;;;;;;;;;;;;;;
;;;;;;;;;;;;;;;;;;;;;;;;;;;;;;;;;;;;;;;;;;;;;;;
;;;;;;;;;;;;;;;;;;;;;;;;;;;;;;;;;;;;;;;;;;;;;;;
;;;;;;;;;;;;;;;;;;;;;;;;;;;;;;;;;;;;;;;;;;Kriteria Pengujian;;;;;
;;;;;;;;;;;;;;;;;;;;;;;;;;;;;;;;;;;;;;;;;;Nilai ACUAN;Nilai Croncbhack alpha;kesimpulan;;;
;;;;;;;;;;;;;;;;;;;;;;;;;;;;;;;;;;;;;;;;;;0,7;0,551487515;tidak Reliable;;;
;;;;;;;;;;;;;;;;;;;;;;;;;;;;;;;;;;;;;;;;;;;;;;;
;;;;;;;;;;;;;;;;;;;;;;;;;;;;;;;;;;;;;;;;;;;;;;;
;;;;;;;;;;;;;;;;;;;;;;;;;;;;;;;;;;;;;;;;;;;;;;;
;;;;;;;;;;;;;;;;;;;;;;;;;;;;;;;;;;;;;;;;;;;0,94564793;0,706740531;0,74562923;;
;;;;;;;;;;;;;;;;;;;;;;;;;;;;;;;;;;;;;;;;;;;;;;;
;;;;;;;;;;;;;;;;;;;;;;;;;;;;;;;;;;;;;;;;;;;;;;;
;;;;;;;;;;;;;;;;;;;;;;;;;;;;;;;;;;;;;;;;;;;;;;;
;;;;;;;;;;;;;;;;;;;;;;;;;;;;;;;;;;;;;;;;;;;;;;;
;;;;;;;;;;;;;;;;;;;;;;;;;;;;;;;;;;;;;;;;;;;;;;;
;;;;;;;;;;;;;;;;;;;;;;;;;;;;;;;;;;;;;;;;;;;;;;;
;;;;;;;;;;;;;;;;;;;;;;;;;;;;;;;;;;;;;;;;;;;;;;;
;;;;;;;;;;;;;;;;;;;;;;;;;;;;;;;;;;;;;;;;;;;;;;;
;;;;;;;;;;;;;;;;;;;;;;;;;;;;;;;;;;;;;;;;;;;;;;;
;;;;;;;;;;;;;;;;;;;;;;;;;;;;;;;;;;;;;;;;;;;;;;;
;;;;;;;;;;;;;;;;;;;;;;;;;;;;;;;;;;;;;;;;;;;;;;;
;;;;;;;;;;;;;;;;;;;;;;;;;;;;;;;;;;;;;;;;;;;;;;;
;;;;;;;;;;;;;;;;;;;;;;;;;;;;;;;;;;;;;;;;;;;;;;;
;;;;;;;;;;;;;;;;;;;;;;;;;;;;;;;;;;;;;;;;;;;;;;;
;;;;;;;;;;;;;;;;;;;;;;;;;;;;;;;;;;;;;;;;;;;;;;;
;;;;;;;;;;;;;;;;;;;;;;;;;;;;;;;;;;;;;;;;;;;;;;;
;;;;;;;;;;;;;;;;;;;;;;;;;;;;;;;;;;;;;;;;;;;;;;;
;;;;;;;;;;;;;;;;;;;;;;;;;;;;;;;;;;;;;;;;;;;;;;;
;;;;;;;;;;;;;;;;;;;;;;;;;;;;;;;;;;;;;;;;;;;;;;;
;;;;;;;;;;;;;;;;;;;;;;;;;;;;;;;;;;;;;;;;;;;;;;;
;;;;;;;;;;;;;;;;;;;;;;;;;;;;;;;;;;;;;;;;;;;;;;;
;;;;;;;;;;;;;;;;;;;;;;;;;;;;;;;;;;;;;;;;;;;;;;;
;;;;;;;;;;;;;;;;;;;;;;;;;;;;;;;;;;;;;;;;;;;;;;;
;;;;;;;;;;;;;;;;;;;;;;;;;;;;;;;;;;;;;;;;;;;;;;;
;;;;;;;;;;;;;;;;;;;;;;;;;;;;;;;;;;;;;;;;;;;;;;;
;;;;;;;;;;;;;;;;;;;;;;;;;;;;;;;;;;;;;;;;;;;;;;;
;;;;;;;;;;;;;;;;;;;;;;;;;;;;;;;;;;;;;;;;;;;;;;;
;;;;;;;;;;;;;;;;;;;;;;;;;;;;;;;;;;;;;;;;;;;;;;;
;;;;;;;;;;;;;;;;;;;;;;;;;;;;;;;;;;;;;;;;;;;;;;;
;;;;;;;;;;;;;;;;;;;;;;;;;;;;;;;;;;;;;;;;;;;;;;;
;;;;;;;;;;;;;;;;;;;;;;;;;;;;;;;;;;;;;;;;;;;;;;;
;;;;;;;;;;;;;;;;;;;;;;;;;;;;;;;;;;;;;;;;;;;;;;;
;;;;;;;;;;;;;;;;;;;;;;;;;;;;;;;;;;;;;;;;;;;;;;;
;;;;;;;;;;;;;;;;;;;;;;;;;;;;;;;;;;;;;;;;;;;;;;;
;;;;;;;;;;;;;;;;;;;;;;;;;;;;;;;;;;;;;;;;;;;;;;;
;;;;;;;;;;;;;;;;;;;;;;;;;;;;;;;;;;;;;;;;;;;;;;;
;;;;;;;;;;;;;;;;;;;;;;;;;;;;;;;;;;;;;;;;;;;;;;;
;;;;;;;;;;;;;;;;;;;;;;;;;;;;;;;;;;;;;;;;;;;;;;;
;;;;;;;;;;;;;;;;;;;;;;;;;;;;;;;;;;;;;;;;;;;;;;;
;;;;;;;;;;;;;;;;;;;;;;;;;;;;;;;;;;;;;;;;;;;;;;;
;;;;;;;;;;;;;;;;;;;;;;;;;;;;;;;;;;;;;;;;;;;;;;;
;;;;;;;;;;;;;;;;;;;;;;;;;;;;;;;;;;;;;;;;;;;;;;;
;;;;;;;;;;;;;;;;;;;;;;;;;;;;;;;;;;;;;;;;;;;;;;;
;;;;;;;;;;;;;;;;;;;;;;;;;;;;;;;;;;;;;;;;;;;;;;;
;;;;;;;;;;;;;;;;;;;;;;;;;;;;;;;;;;;;;;;;;;;;;;;
;;;;;;;;;;;;;;;;;;;;;;;;;;;;;;;;;;;;;;;;;;;;;;;
;;;;;;;;;;;;;;;;;;;;;;;;;;;;;;;;;;;;;;;;;;;;;;;
;;;;;;;;;;;;;;;;;;;;;;;;;;;;;;;;;;;;;;;;;;;;;;;
;;;;;;;;;;;;;;;;;;;;;;;;;;;;;;;;;;;;;;;;;;;;;;;
;;;;;;;;;;;;;;;;;;;;;;;;;;;;;;;;;;;;;;;;;;;;;;;
;;;;;;;;;;;;;;;;;;;;;;;;;;;;;;;;;;;;;;;;;;;;;;;
;;;;;;;;;;;;;;;;;;;;;;;;;;;;;;;;;;;;;;;;;;;;;;;
;;;;;;;;;;;;;;;;;;;;;;;;;;;;;;;;;;;;;;;;;;;;;;;
;;;;;;;;;;;;;;;;;;;;;;;;;;;;;;;;;;;;;;;;;;;;;;;
;;;;;;;;;;;;;;;;;;;;;;;;;;;;;;;;;;;;;;;;;;;;;;;
;;;;;;;;;;;;;;;;;;;;;;;;;;;;;;;;;;;;;;;;;;;;;;;
;;;;;;;;;;;;;;;;;;;;;;;;;;;;;;;;;;;;;;;;;;;;;;;
;;;;;;;;;;;;;;;;;;;;;;;;;;;;;;;;;;;;;;;;;;;;;;;
;;;;;;;;;;;;;;;;;;;;;;;;;;;;;;;;;;;;;;;;;;;;;;;
;;;;;;;;;;;;;;;;;;;;;;;;;;;;;;;;;;;;;;;;;;;;;;;
;;;;;;;;;;;;;;;;;;;;;;;;;;;;;;;;;;;;;;;;;;;;;;;
;;;;;;;;;;;;;;;;;;;;;;;;;;;;;;;;;;;;;;;;;;;;;;;
;;;;;;;;;;;;;;;;;;;;;;;;;;;;;;;;;;;;;;;;;;;;;;;
;;;;;;;;;;;;;;;;;;;;;;;;;;;;;;;;;;;;;;;;;;;;;;;
;;;;;;;;;;;;;;;;;;;;;;;;;;;;;;;;;;;;;;;;;;;;;;;
;;;;;;;;;;;;;;;;;;;;;;;;;;;;;;;;;;;;;;;;;;;;;;;
;;;;;;;;;;;;;;;;;;;;;;;;;;;;;;;;;;;;;;;;;;;;;;;
;;;;;;;;;;;;;;;;;;;;;;;;;;;;;;;;;;;;;;;;;;;;;;;
;;;;;;;;;;;;;;;;;;;;;;;;;;;;;;;;;;;;;;;;;;;;;;;
;;;;;;;;;;;;;;;;;;;;;;;;;;;;;;;;;;;;;;;;;;;;;;;
;;;;;;;;;;;;;;;;;;;;;;;;;;;;;;;;;;;;;;;;;;;;;;;
;;;;;;;;;;;;;;;;;;;;;;;;;;;;;;;;;;;;;;;;;;;;;;;
;;;;;;;;;;;;;;;;;;;;;;;;;;;;;;;;;;;;;;;;;;;;;;;
;;;;;;;;;;;;;;;;;;;;;;;;;;;;;;;;;;;;;;;;;;;;;;;
;;;;;;;;;;;;;;;;;;;;;;;;;;;;;;;;;;;;;;;;;;;;;;;
;;;;;;;;;;;;;;;;;;;;;;;;;;;;;;;;;;;;;;;;;;;;;;;
;;;;;;;;;;;;;;;;;;;;;;;;;;;;;;;;;;;;;;;;;;;;;;;
;;;;;;;;;;;;;;;;;;;;;;;;;;;;;;;;;;;;;;;;;;;;;;;
;;;;;;;;;;;;;;;;;;;;;;;;;;;;;;;;;;;;;;;;;;;;;;;
;;;;;;;;;;;;;;;;;;;;;;;;;;;;;;;;;;;;;;;;;;;;;;;
;;;;;;;;;;;;;;;;;;;;;;;;;;;;;;;;;;;;;;;;;;;;;;;
;;;;;;;;;;;;;;;;;;;;;;;;;;;;;;;;;;;;;;;;;;;;;;;
;;;;;;;;;;;;;;;;;;;;;;;;;;;;;;;;;;;;;;;;;;;;;;;
;;;;;;;;;;;;;;;;;;;;;;;;;;;;;;;;;;;;;;;;;;;;;;;
;;;;;;;;;;;;;;;;;;;;;;;;;;;;;;;;;;;;;;;;;;;;;;;
;;;;;;;;;;;;;;;;;;;;;;;;;;;;;;;;;;;;;;;;;;;;;;;
;;;;;;;;;;;;;;;;;;;;;;;;;;;;;;;;;;;;;;;;;;;;;;;
;;;;;;;;;;;;;;;;;;;;;;;;;;;;;;;;;;;;;;;;;;;;;;;
;;;;;;;;;;;;;;;;;;;;;;;;;;;;;;;;;;;;;;;;;;;;;;;
;;;;;;;;;;;;;;;;;;;;;;;;;;;;;;;;;;;;;;;;;;;;;;;
;;;;;;;;;;;;;;;;;;;;;;;;;;;;;;;;;;;;;;;;;;;;;;;
;;;;;;;;;;;;;;;;;;;;;;;;;;;;;;;;;;;;;;;;;;;;;;;
;;;;;;;;;;;;;;;;;;;;;;;;;;;;;;;;;;;;;;;;;;;;;;;
;;;;;;;;;;;;;;;;;;;;;;;;;;;;;;;;;;;;;;;;;;;;;;;
;;;;;;;;;;;;;;;;;;;;;;;;;;;;;;;;;;;;;;;;;;;;;;;
;;;;;;;;;;;;;;;;;;;;;;;;;;;;;;;;;;;;;;;;;;;;;;;
;;;;;;;;;;;;;;;;;;;;;;;;;;;;;;;;;;;;;;;;;;;;;;;
;;;;;;;;;;;;;;;;;;;;;;;;;;;;;;;;;;;;;;;;;;;;;;;
;;;;;;;;;;;;;;;;;;;;;;;;;;;;;;;;;;;;;;;;;;;;;;;
;;;;;;;;;;;;;;;;;;;;;;;;;;;;;;;;;;;;;;;;;;;;;;;
;;;;;;;;;;;;;;;;;;;;;;;;;;;;;;;;;;;;;;;;;;;;;;;
;;;;;;;;;;;;;;;;;;;;;;;;;;;;;;;;;;;;;;;;;;;;;;;
;;;;;;;;;;;;;;;;;;;;;;;;;;;;;;;;;;;;;;;;;;;;;;;
;;;;;;;;;;;;;;;;;;;;;;;;;;;;;;;;;;;;;;;;;;;;;;;
;;;;;;;;;;;;;;;;;;;;;;;;;;;;;;;;;;;;;;;;;;;;;;;
;;;;;;;;;;;;;;;;;;;;;;;;;;;;;;;;;;;;;;;;;;;;;;;
;;;;;;;;;;;;;;;;;;;;;;;;;;;;;;;;;;;;;;;;;;;;;;;
;;;;;;;;;;;;;;;;;;;;;;;;;;;;;;;;;;;;;;;;;;;;;;;
;;;;;;;;;;;;;;;;;;;;;;;;;;;;;;;;;;;;;;;;;;;;;;;
;;;;;;;;;;;;;;;;;;;;;;;;;;;;;;;;;;;;;;;;;;;;;;;
;;;;;;;;;;;;;;;;;;;;;;;;;;;;;;;;;;;;;;;;;;;;;;;
;;;;;;;;;;;;;;;;;;;;;;;;;;;;;;;;;;;;;;;;;;;;;;;
;;;;;;;;;;;;;;;;;;;;;;;;;;;;;;;;;;;;;;;;;;;;;;;
;;;;;;;;;;;;;;;;;;;;;;;;;;;;;;;;;;;;;;;;;;;;;;;
;;;;;;;;;;;;;;;;;;;;;;;;;;;;;;;;;;;;;;;;;;;;;;;
;;;;;;;;;;;;;;;;;;;;;;;;;;;;;;;;;;;;;;;;;;;;;;;
;;;;;;;;;;;;;;;;;;;;;;;;;;;;;;;;;;;;;;;;;;;;;;;
;;;;;;;;;;;;;;;;;;;;;;;;;;;;;;;;;;;;;;;;;;;;;;;
;;;;;;;;;;;;;;;;;;;;;;;;;;;;;;;;;;;;;;;;;;;;;;;
;;;;;;;;;;;;;;;;;;;;;;;;;;;;;;;;;;;;;;;;;;;;;;;
;;;;;;;;;;;;;;;;;;;;;;;;;;;;;;;;;;;;;;;;;;;;;;;
;;;;;;;;;;;;;;;;;;;;;;;;;;;;;;;;;;;;;;;;;;;;;;;
;;;;;;;;;;;;;;;;;;;;;;;;;;;;;;;;;;;;;;;;;;;;;;;
;;;;;;;;;;;;;;;;;;;;;;;;;;;;;;;;;;;;;;;;;;;;;;;
;;;;;;;;;;;;;;;;;;;;;;;;;;;;;;;;;;;;;;;;;;;;;;;
;;;;;;;;;;;;;;;;;;;;;;;;;;;;;;;;;;;;;;;;;;;;;;;
;;;;;;;;;;;;;;;;;;;;;;;;;;;;;;;;;;;;;;;;;;;;;;;
;;;;;;;;;;;;;;;;;;;;;;;;;;;;;;;;;;;;;;;;;;;;;;;
;;;;;;;;;;;;;;;;;;;;;;;;;;;;;;;;;;;;;;;;;;;;;;;
;;;;;;;;;;;;;;;;;;;;;;;;;;;;;;;;;;;;;;;;;;;;;;;
;;;;;;;;;;;;;;;;;;;;;;;;;;;;;;;;;;;;;;;;;;;;;;;
;;;;;;;;;;;;;;;;;;;;;;;;;;;;;;;;;;;;;;;;;;;;;;;
;;;;;;;;;;;;;;;;;;;;;;;;;;;;;;;;;;;;;;;;;;;;;;;
;;;;;;;;;;;;;;;;;;;;;;;;;;;;;;;;;;;;;;;;;;;;;;;
;;;;;;;;;;;;;;;;;;;;;;;;;;;;;;;;;;;;;;;;;;;;;;;
;;;;;;;;;;;;;;;;;;;;;;;;;;;;;;;;;;;;;;;;;;;;;;;
;;;;;;;;;;;;;;;;;;;;;;;;;;;;;;;;;;;;;;;;;;;;;;;
;;;;;;;;;;;;;;;;;;;;;;;;;;;;;;;;;;;;;;;;;;;;;;;
;;;;;;;;;;;;;;;;;;;;;;;;;;;;;;;;;;;;;;;;;;;;;;;
;;;;;;;;;;;;;;;;;;;;;;;;;;;;;;;;;;;;;;;;;;;;;;;
;;;;;;;;;;;;;;;;;;;;;;;;;;;;;;;;;;;;;;;;;;;;;;;
;;;;;;;;;;;;;;;;;;;;;;;;;;;;;;;;;;;;;;;;;;;;;;;
;;;;;;;;;;;;;;;;;;;;;;;;;;;;;;;;;;;;;;;;;;;;;;;
;;;;;;;;;;;;;;;;;;;;;;;;;;;;;;;;;;;;;;;;;;;;;;;
;;;;;;;;;;;;;;;;;;;;;;;;;;;;;;;;;;;;;;;;;;;;;;;
;;;;;;;;;;;;;;;;;;;;;;;;;;;;;;;;;;;;;;;;;;;;;;;
;;;;;;;;;;;;;;;;;;;;;;;;;;;;;;;;;;;;;;;;;;;;;;;
;;;;;;;;;;;;;;;;;;;;;;;;;;;;;;;;;;;;;;;;;;;;;;;
;;;;;;;;;;;;;;;;;;;;;;;;;;;;;;;;;;;;;;;;;;;;;;;
;;;;;;;;;;;;;;;;;;;;;;;;;;;;;;;;;;;;;;;;;;;;;;;
;;;;;;;;;;;;;;;;;;;;;;;;;;;;;;;;;;;;;;;;;;;;;;;
;;;;;;;;;;;;;;;;;;;;;;;;;;;;;;;;;;;;;;;;;;;;;;;
;;;;;;;;;;;;;;;;;;;;;;;;;;;;;;;;;;;;;;;;;;;;;;;
;;;;;;;;;;;;;;;;;;;;;;;;;;;;;;;;;;;;;;;;;;;;;;;
;;;;;;;;;;;;;;;;;;;;;;;;;;;;;;;;;;;;;;;;;;;;;;;
;;;;;;;;;;;;;;;;;;;;;;;;;;;;;;;;;;;;;;;;;;;;;;;
;;;;;;;;;;;;;;;;;;;;;;;;;;;;;;;;;;;;;;;;;;;;;;;
;;;;;;;;;;;;;;;;;;;;;;;;;;;;;;;;;;;;;;;;;;;;;;;
;;;;;;;;;;;;;;;;;;;;;;;;;;;;;;;;;;;;;;;;;;;;;;;
;;;;;;;;;;;;;;;;;;;;;;;;;;;;;;;;;;;;;;;;;;;;;;;
;;;;;;;;;;;;;;;;;;;;;;;;;;;;;;;;;;;;;;;;;;;;;;;
;;;;;;;;;;;;;;;;;;;;;;;;;;;;;;;;;;;;;;;;;;;;;;;
;;;;;;;;;;;;;;;;;;;;;;;;;;;;;;;;;;;;;;;;;;;;;;;
;;;;;;;;;;;;;;;;;;;;;;;;;;;;;;;;;;;;;;;;;;;;;;;
;;;;;;;;;;;;;;;;;;;;;;;;;;;;;;;;;;;;;;;;;;;;;;;
;;;;;;;;;;;;;;;;;;;;;;;;;;;;;;;;;;;;;;;;;;;;;;;
;;;;;;;;;;;;;;;;;;;;;;;;;;;;;;;;;;;;;;;;;;;;;;;
;;;;;;;;;;;;;;;;;;;;;;;;;;;;;;;;;;;;;;;;;;;;;;;
;;;;;;;;;;;;;;;;;;;;;;;;;;;;;;;;;;;;;;;;;;;;;;;
;;;;;;;;;;;;;;;;;;;;;;;;;;;;;;;;;;;;;;;;;;;;;;;
;;;;;;;;;;;;;;;;;;;;;;;;;;;;;;;;;;;;;;;;;;;;;;;
;;;;;;;;;;;;;;;;;;;;;;;;;;;;;;;;;;;;;;;;;;;;;;;
;;;;;;;;;;;;;;;;;;;;;;;;;;;;;;;;;;;;;;;;;;;;;;;
;;;;;;;;;;;;;;;;;;;;;;;;;;;;;;;;;;;;;;;;;;;;;;;
;;;;;;;;;;;;;;;;;;;;;;;;;;;;;;;;;;;;;;;;;;;;;;;
;;;;;;;;;;;;;;;;;;;;;;;;;;;;;;;;;;;;;;;;;;;;;;;
;;;;;;;;;;;;;;;;;;;;;;;;;;;;;;;;;;;;;;;;;;;;;;;
;;;;;;;;;;;;;;;;;;;;;;;;;;;;;;;;;;;;;;;;;;;;;;;
;;;;;;;;;;;;;;;;;;;;;;;;;;;;;;;;;;;;;;;;;;;;;;;
;;;;;;;;;;;;;;;;;;;;;;;;;;;;;;;;;;;;;;;;;;;;;;;
;;;;;;;;;;;;;;;;;;;;;;;;;;;;;;;;;;;;;;;;;;;;;;;
;;;;;;;;;;;;;;;;;;;;;;;;;;;;;;;;;;;;;;;;;;;;;;;
;;;;;;;;;;;;;;;;;;;;;;;;;;;;;;;;;;;;;;;;;;;;;;;
;;;;;;;;;;;;;;;;;;;;;;;;;;;;;;;;;;;;;;;;;;;;;;;
;;;;;;;;;;;;;;;;;;;;;;;;;;;;;;;;;;;;;;;;;;;;;;;
;;;;;;;;;;;;;;;;;;;;;;;;;;;;;;;;;;;;;;;;;;;;;;;
;;;;;;;;;;;;;;;;;;;;;;;;;;;;;;;;;;;;;;;;;;;;;;;
;;;;;;;;;;;;;;;;;;;;;;;;;;;;;;;;;;;;;;;;;;;;;;;
;;;;;;;;;;;;;;;;;;;;;;;;;;;;;;;;;;;;;;;;;;;;;;;
;;;;;;;;;;;;;;;;;;;;;;;;;;;;;;;;;;;;;;;;;;;;;;;
;;;;;;;;;;;;;;;;;;;;;;;;;;;;;;;;;;;;;;;;;;;;;;;
;;;;;;;;;;;;;;;;;;;;;;;;;;;;;;;;;;;;;;;;;;;;;;;
;;;;;;;;;;;;;;;;;;;;;;;;;;;;;;;;;;;;;;;;;;;;;;;
;;;;;;;;;;;;;;;;;;;;;;;;;;;;;;;;;;;;;;;;;;;;;;;
;;;;;;;;;;;;;;;;;;;;;;;;;;;;;;;;;;;;;;;;;;;;;;;
;;;;;;;;;;;;;;;;;;;;;;;;;;;;;;;;;;;;;;;;;;;;;;;
;;;;;;;;;;;;;;;;;;;;;;;;;;;;;;;;;;;;;;;;;;;;;;;
;;;;;;;;;;;;;;;;;;;;;;;;;;;;;;;;;;;;;;;;;;;;;;;
;;;;;;;;;;;;;;;;;;;;;;;;;;;;;;;;;;;;;;;;;;;;;;;
;;;;;;;;;;;;;;;;;;;;;;;;;;;;;;;;;;;;;;;;;;;;;;;
;;;;;;;;;;;;;;;;;;;;;;;;;;;;;;;;;;;;;;;;;;;;;;;
;;;;;;;;;;;;;;;;;;;;;;;;;;;;;;;;;;;;;;;;;;;;;;;
;;;;;;;;;;;;;;;;;;;;;;;;;;;;;;;;;;;;;;;;;;;;;;;
;;;;;;;;;;;;;;;;;;;;;;;;;;;;;;;;;;;;;;;;;;;;;;;
;;;;;;;;;;;;;;;;;;;;;;;;;;;;;;;;;;;;;;;;;;;;;;;
;;;;;;;;;;;;;;;;;;;;;;;;;;;;;;;;;;;;;;;;;;;;;;;
;;;;;;;;;;;;;;;;;;;;;;;;;;;;;;;;;;;;;;;;;;;;;;;
;;;;;;;;;;;;;;;;;;;;;;;;;;;;;;;;;;;;;;;;;;;;;;;
;;;;;;;;;;;;;;;;;;;;;;;;;;;;;;;;;;;;;;;;;;;;;;;
;;;;;;;;;;;;;;;;;;;;;;;;;;;;;;;;;;;;;;;;;;;;;;;
;;;;;;;;;;;;;;;;;;;;;;;;;;;;;;;;;;;;;;;;;;;;;;;
;;;;;;;;;;;;;;;;;;;;;;;;;;;;;;;;;;;;;;;;;;;;;;;
;;;;;;;;;;;;;;;;;;;;;;;;;;;;;;;;;;;;;;;;;;;;;;;
;;;;;;;;;;;;;;;;;;;;;;;;;;;;;;;;;;;;;;;;;;;;;;;
;;;;;;;;;;;;;;;;;;;;;;;;;;;;;;;;;;;;;;;;;;;;;;;
;;;;;;;;;;;;;;;;;;;;;;;;;;;;;;;;;;;;;;;;;;;;;;;
;;;;;;;;;;;;;;;;;;;;;;;;;;;;;;;;;;;;;;;;;;;;;;;
;;;;;;;;;;;;;;;;;;;;;;;;;;;;;;;;;;;;;;;;;;;;;;;
;;;;;;;;;;;;;;;;;;;;;;;;;;;;;;;;;;;;;;;;;;;;;;;
;;;;;;;;;;;;;;;;;;;;;;;;;;;;;;;;;;;;;;;;;;;;;;;
;;;;;;;;;;;;;;;;;;;;;;;;;;;;;;;;;;;;;;;;;;;;;;;
;;;;;;;;;;;;;;;;;;;;;;;;;;;;;;;;;;;;;;;;;;;;;;;
;;;;;;;;;;;;;;;;;;;;;;;;;;;;;;;;;;;;;;;;;;;;;;;
;;;;;;;;;;;;;;;;;;;;;;;;;;;;;;;;;;;;;;;;;;;;;;;
;;;;;;;;;;;;;;;;;;;;;;;;;;;;;;;;;;;;;;;;;;;;;;;
;;;;;;;;;;;;;;;;;;;;;;;;;;;;;;;;;;;;;;;;;;;;;;;
;;;;;;;;;;;;;;;;;;;;;;;;;;;;;;;;;;;;;;;;;;;;;;;
;;;;;;;;;;;;;;;;;;;;;;;;;;;;;;;;;;;;;;;;;;;;;;;
;;;;;;;;;;;;;;;;;;;;;;;;;;;;;;;;;;;;;;;;;;;;;;;
;;;;;;;;;;;;;;;;;;;;;;;;;;;;;;;;;;;;;;;;;;;;;;;
;;;;;;;;;;;;;;;;;;;;;;;;;;;;;;;;;;;;;;;;;;;;;;;
;;;;;;;;;;;;;;;;;;;;;;;;;;;;;;;;;;;;;;;;;;;;;;;
;;;;;;;;;;;;;;;;;;;;;;;;;;;;;;;;;;;;;;;;;;;;;;;
;;;;;;;;;;;;;;;;;;;;;;;;;;;;;;;;;;;;;;;;;;;;;;;
;;;;;;;;;;;;;;;;;;;;;;;;;;;;;;;;;;;;;;;;;;;;;;;
;;;;;;;;;;;;;;;;;;;;;;;;;;;;;;;;;;;;;;;;;;;;;;;
;;;;;;;;;;;;;;;;;;;;;;;;;;;;;;;;;;;;;;;;;;;;;;;
;;;;;;;;;;;;;;;;;;;;;;;;;;;;;;;;;;;;;;;;;;;;;;;
;;;;;;;;;;;;;;;;;;;;;;;;;;;;;;;;;;;;;;;;;;;;;;;
;;;;;;;;;;;;;;;;;;;;;;;;;;;;;;;;;;;;;;;;;;;;;;;
;;;;;;;;;;;;;;;;;;;;;;;;;;;;;;;;;;;;;;;;;;;;;;;
;;;;;;;;;;;;;;;;;;;;;;;;;;;;;;;;;;;;;;;;;;;;;;;
;;;;;;;;;;;;;;;;;;;;;;;;;;;;;;;;;;;;;;;;;;;;;;;
;;;;;;;;;;;;;;;;;;;;;;;;;;;;;;;;;;;;;;;;;;;;;;;
;;;;;;;;;;;;;;;;;;;;;;;;;;;;;;;;;;;;;;;;;;;;;;;
;;;;;;;;;;;;;;;;;;;;;;;;;;;;;;;;;;;;;;;;;;;;;;;
;;;;;;;;;;;;;;;;;;;;;;;;;;;;;;;;;;;;;;;;;;;;;;;
;;;;;;;;;;;;;;;;;;;;;;;;;;;;;;;;;;;;;;;;;;;;;;;
;;;;;;;;;;;;;;;;;;;;;;;;;;;;;;;;;;;;;;;;;;;;;;;
;;;;;;;;;;;;;;;;;;;;;;;;;;;;;;;;;;;;;;;;;;;;;;;
;;;;;;;;;;;;;;;;;;;;;;;;;;;;;;;;;;;;;;;;;;;;;;;
;;;;;;;;;;;;;;;;;;;;;;;;;;;;;;;;;;;;;;;;;;;;;;;
;;;;;;;;;;;;;;;;;;;;;;;;;;;;;;;;;;;;;;;;;;;;;;;
;;;;;;;;;;;;;;;;;;;;;;;;;;;;;;;;;;;;;;;;;;;;;;;
;;;;;;;;;;;;;;;;;;;;;;;;;;;;;;;;;;;;;;;;;;;;;;;
;;;;;;;;;;;;;;;;;;;;;;;;;;;;;;;;;;;;;;;;;;;;;;;
;;;;;;;;;;;;;;;;;;;;;;;;;;;;;;;;;;;;;;;;;;;;;;;
;;;;;;;;;;;;;;;;;;;;;;;;;;;;;;;;;;;;;;;;;;;;;;;
;;;;;;;;;;;;;;;;;;;;;;;;;;;;;;;;;;;;;;;;;;;;;;;
;;;;;;;;;;;;;;;;;;;;;;;;;;;;;;;;;;;;;;;;;;;;;;;
;;;;;;;;;;;;;;;;;;;;;;;;;;;;;;;;;;;;;;;;;;;;;;;
;;;;;;;;;;;;;;;;;;;;;;;;;;;;;;;;;;;;;;;;;;;;;;;
;;;;;;;;;;;;;;;;;;;;;;;;;;;;;;;;;;;;;;;;;;;;;;;
;;;;;;;;;;;;;;;;;;;;;;;;;;;;;;;;;;;;;;;;;;;;;;;
;;;;;;;;;;;;;;;;;;;;;;;;;;;;;;;;;;;;;;;;;;;;;;;
;;;;;;;;;;;;;;;;;;;;;;;;;;;;;;;;;;;;;;;;;;;;;;;
;;;;;;;;;;;;;;;;;;;;;;;;;;;;;;;;;;;;;;;;;;;;;;;
;;;;;;;;;;;;;;;;;;;;;;;;;;;;;;;;;;;;;;;;;;;;;;;
;;;;;;;;;;;;;;;;;;;;;;;;;;;;;;;;;;;;;;;;;;;;;;;
;;;;;;;;;;;;;;;;;;;;;;;;;;;;;;;;;;;;;;;;;;;;;;;
;;;;;;;;;;;;;;;;;;;;;;;;;;;;;;;;;;;;;;;;;;;;;;;
;;;;;;;;;;;;;;;;;;;;;;;;;;;;;;;;;;;;;;;;;;;;;;;
;;;;;;;;;;;;;;;;;;;;;;;;;;;;;;;;;;;;;;;;;;;;;;;
;;;;;;;;;;;;;;;;;;;;;;;;;;;;;;;;;;;;;;;;;;;;;;;
;;;;;;;;;;;;;;;;;;;;;;;;;;;;;;;;;;;;;;;;;;;;;;;
;;;;;;;;;;;;;;;;;;;;;;;;;;;;;;;;;;;;;;;;;;;;;;;
;;;;;;;;;;;;;;;;;;;;;;;;;;;;;;;;;;;;;;;;;;;;;;;
;;;;;;;;;;;;;;;;;;;;;;;;;;;;;;;;;;;;;;;;;;;;;;;
;;;;;;;;;;;;;;;;;;;;;;;;;;;;;;;;;;;;;;;;;;;;;;;
;;;;;;;;;;;;;;;;;;;;;;;;;;;;;;;;;;;;;;;;;;;;;;;
;;;;;;;;;;;;;;;;;;;;;;;;;;;;;;;;;;;;;;;;;;;;;;;
;;;;;;;;;;;;;;;;;;;;;;;;;;;;;;;;;;;;;;;;;;;;;;;
;;;;;;;;;;;;;;;;;;;;;;;;;;;;;;;;;;;;;;;;;;;;;;;
;;;;;;;;;;;;;;;;;;;;;;;;;;;;;;;;;;;;;;;;;;;;;;;
;;;;;;;;;;;;;;;;;;;;;;;;;;;;;;;;;;;;;;;;;;;;;;;
;;;;;;;;;;;;;;;;;;;;;;;;;;;;;;;;;;;;;;;;;;;;;;;
;;;;;;;;;;;;;;;;;;;;;;;;;;;;;;;;;;;;;;;;;;;;;;;
;;;;;;;;;;;;;;;;;;;;;;;;;;;;;;;;;;;;;;;;;;;;;;;
;;;;;;;;;;;;;;;;;;;;;;;;;;;;;;;;;;;;;;;;;;;;;;;
;;;;;;;;;;;;;;;;;;;;;;;;;;;;;;;;;;;;;;;;;;;;;;;
;;;;;;;;;;;;;;;;;;;;;;;;;;;;;;;;;;;;;;;;;;;;;;;
;;;;;;;;;;;;;;;;;;;;;;;;;;;;;;;;;;;;;;;;;;;;;;;
;;;;;;;;;;;;;;;;;;;;;;;;;;;;;;;;;;;;;;;;;;;;;;;
;;;;;;;;;;;;;;;;;;;;;;;;;;;;;;;;;;;;;;;;;;;;;;;
;;;;;;;;;;;;;;;;;;;;;;;;;;;;;;;;;;;;;;;;;;;;;;;
;;;;;;;;;;;;;;;;;;;;;;;;;;;;;;;;;;;;;;;;;;;;;;;
;;;;;;;;;;;;;;;;;;;;;;;;;;;;;;;;;;;;;;;;;;;;;;;
;;;;;;;;;;;;;;;;;;;;;;;;;;;;;;;;;;;;;;;;;;;;;;;
;;;;;;;;;;;;;;;;;;;;;;;;;;;;;;;;;;;;;;;;;;;;;;;
;;;;;;;;;;;;;;;;;;;;;;;;;;;;;;;;;;;;;;;;;;;;;;;
;;;;;;;;;;;;;;;;;;;;;;;;;;;;;;;;;;;;;;;;;;;;;;;
;;;;;;;;;;;;;;;;;;;;;;;;;;;;;;;;;;;;;;;;;;;;;;;
;;;;;;;;;;;;;;;;;;;;;;;;;;;;;;;;;;;;;;;;;;;;;;;
;;;;;;;;;;;;;;;;;;;;;;;;;;;;;;;;;;;;;;;;;;;;;;;
;;;;;;;;;;;;;;;;;;;;;;;;;;;;;;;;;;;;;;;;;;;;;;;
;;;;;;;;;;;;;;;;;;;;;;;;;;;;;;;;;;;;;;;;;;;;;;;
;;;;;;;;;;;;;;;;;;;;;;;;;;;;;;;;;;;;;;;;;;;;;;;
;;;;;;;;;;;;;;;;;;;;;;;;;;;;;;;;;;;;;;;;;;;;;;;
;;;;;;;;;;;;;;;;;;;;;;;;;;;;;;;;;;;;;;;;;;;;;;;
;;;;;;;;;;;;;;;;;;;;;;;;;;;;;;;;;;;;;;;;;;;;;;;
;;;;;;;;;;;;;;;;;;;;;;;;;;;;;;;;;;;;;;;;;;;;;;;
;;;;;;;;;;;;;;;;;;;;;;;;;;;;;;;;;;;;;;;;;;;;;;;
;;;;;;;;;;;;;;;;;;;;;;;;;;;;;;;;;;;;;;;;;;;;;;;
;;;;;;;;;;;;;;;;;;;;;;;;;;;;;;;;;;;;;;;;;;;;;;;
;;;;;;;;;;;;;;;;;;;;;;;;;;;;;;;;;;;;;;;;;;;;;;;
;;;;;;;;;;;;;;;;;;;;;;;;;;;;;;;;;;;;;;;;;;;;;;;
;;;;;;;;;;;;;;;;;;;;;;;;;;;;;;;;;;;;;;;;;;;;;;;
;;;;;;;;;;;;;;;;;;;;;;;;;;;;;;;;;;;;;;;;;;;;;;;
;;;;;;;;;;;;;;;;;;;;;;;;;;;;;;;;;;;;;;;;;;;;;;;
;;;;;;;;;;;;;;;;;;;;;;;;;;;;;;;;;;;;;;;;;;;;;;;
;;;;;;;;;;;;;;;;;;;;;;;;;;;;;;;;;;;;;;;;;;;;;;;
;;;;;;;;;;;;;;;;;;;;;;;;;;;;;;;;;;;;;;;;;;;;;;;
;;;;;;;;;;;;;;;;;;;;;;;;;;;;;;;;;;;;;;;;;;;;;;;
;;;;;;;;;;;;;;;;;;;;;;;;;;;;;;;;;;;;;;;;;;;;;;;
;;;;;;;;;;;;;;;;;;;;;;;;;;;;;;;;;;;;;;;;;;;;;;;
;;;;;;;;;;;;;;;;;;;;;;;;;;;;;;;;;;;;;;;;;;;;;;;
;;;;;;;;;;;;;;;;;;;;;;;;;;;;;;;;;;;;;;;;;;;;;;;
;;;;;;;;;;;;;;;;;;;;;;;;;;;;;;;;;;;;;;;;;;;;;;;
;;;;;;;;;;;;;;;;;;;;;;;;;;;;;;;;;;;;;;;;;;;;;;;
;;;;;;;;;;;;;;;;;;;;;;;;;;;;;;;;;;;;;;;;;;;;;;;
;;;;;;;;;;;;;;;;;;;;;;;;;;;;;;;;;;;;;;;;;;;;;;;
;;;;;;;;;;;;;;;;;;;;;;;;;;;;;;;;;;;;;;;;;;;;;;;
;;;;;;;;;;;;;;;;;;;;;;;;;;;;;;;;;;;;;;;;;;;;;;;
;;;;;;;;;;;;;;;;;;;;;;;;;;;;;;;;;;;;;;;;;;;;;;;
;;;;;;;;;;;;;;;;;;;;;;;;;;;;;;;;;;;;;;;;;;;;;;;
;;;;;;;;;;;;;;;;;;;;;;;;;;;;;;;;;;;;;;;;;;;;;;;
;;;;;;;;;;;;;;;;;;;;;;;;;;;;;;;;;;;;;;;;;;;;;;;
;;;;;;;;;;;;;;;;;;;;;;;;;;;;;;;;;;;;;;;;;;;;;;;
;;;;;;;;;;;;;;;;;;;;;;;;;;;;;;;;;;;;;;;;;;;;;;;
;;;;;;;;;;;;;;;;;;;;;;;;;;;;;;;;;;;;;;;;;;;;;;;
;;;;;;;;;;;;;;;;;;;;;;;;;;;;;;;;;;;;;;;;;;;;;;;
;;;;;;;;;;;;;;;;;;;;;;;;;;;;;;;;;;;;;;;;;;;;;;;
;;;;;;;;;;;;;;;;;;;;;;;;;;;;;;;;;;;;;;;;;;;;;;;
;;;;;;;;;;;;;;;;;;;;;;;;;;;;;;;;;;;;;;;;;;;;;;;
;;;;;;;;;;;;;;;;;;;;;;;;;;;;;;;;;;;;;;;;;;;;;;;
;;;;;;;;;;;;;;;;;;;;;;;;;;;;;;;;;;;;;;;;;;;;;;;
;;;;;;;;;;;;;;;;;;;;;;;;;;;;;;;;;;;;;;;;;;;;;;;
;;;;;;;;;;;;;;;;;;;;;;;;;;;;;;;;;;;;;;;;;;;;;;;
;;;;;;;;;;;;;;;;;;;;;;;;;;;;;;;;;;;;;;;;;;;;;;;
;;;;;;;;;;;;;;;;;;;;;;;;;;;;;;;;;;;;;;;;;;;;;;;
;;;;;;;;;;;;;;;;;;;;;;;;;;;;;;;;;;;;;;;;;;;;;;;
;;;;;;;;;;;;;;;;;;;;;;;;;;;;;;;;;;;;;;;;;;;;;;;
;;;;;;;;;;;;;;;;;;;;;;;;;;;;;;;;;;;;;;;;;;;;;;;
;;;;;;;;;;;;;;;;;;;;;;;;;;;;;;;;;;;;;;;;;;;;;;;
;;;;;;;;;;;;;;;;;;;;;;;;;;;;;;;;;;;;;;;;;;;;;;;
;;;;;;;;;;;;;;;;;;;;;;;;;;;;;;;;;;;;;;;;;;;;;;;
;;;;;;;;;;;;;;;;;;;;;;;;;;;;;;;;;;;;;;;;;;;;;;;
;;;;;;;;;;;;;;;;;;;;;;;;;;;;;;;;;;;;;;;;;;;;;;;
;;;;;;;;;;;;;;;;;;;;;;;;;;;;;;;;;;;;;;;;;;;;;;;
;;;;;;;;;;;;;;;;;;;;;;;;;;;;;;;;;;;;;;;;;;;;;;;
;;;;;;;;;;;;;;;;;;;;;;;;;;;;;;;;;;;;;;;;;;;;;;;
;;;;;;;;;;;;;;;;;;;;;;;;;;;;;;;;;;;;;;;;;;;;;;;
;;;;;;;;;;;;;;;;;;;;;;;;;;;;;;;;;;;;;;;;;;;;;;;
;;;;;;;;;;;;;;;;;;;;;;;;;;;;;;;;;;;;;;;;;;;;;;;
;;;;;;;;;;;;;;;;;;;;;;;;;;;;;;;;;;;;;;;;;;;;;;;
;;;;;;;;;;;;;;;;;;;;;;;;;;;;;;;;;;;;;;;;;;;;;;;
;;;;;;;;;;;;;;;;;;;;;;;;;;;;;;;;;;;;;;;;;;;;;;;
;;;;;;;;;;;;;;;;;;;;;;;;;;;;;;;;;;;;;;;;;;;;;;;
;;;;;;;;;;;;;;;;;;;;;;;;;;;;;;;;;;;;;;;;;;;;;;;
;;;;;;;;;;;;;;;;;;;;;;;;;;;;;;;;;;;;;;;;;;;;;;;
;;;;;;;;;;;;;;;;;;;;;;;;;;;;;;;;;;;;;;;;;;;;;;;
;;;;;;;;;;;;;;;;;;;;;;;;;;;;;;;;;;;;;;;;;;;;;;;
;;;;;;;;;;;;;;;;;;;;;;;;;;;;;;;;;;;;;;;;;;;;;;;
;;;;;;;;;;;;;;;;;;;;;;;;;;;;;;;;;;;;;;;;;;;;;;;
;;;;;;;;;;;;;;;;;;;;;;;;;;;;;;;;;;;;;;;;;;;;;;;
;;;;;;;;;;;;;;;;;;;;;;;;;;;;;;;;;;;;;;;;;;;;;;;
;;;;;;;;;;;;;;;;;;;;;;;;;;;;;;;;;;;;;;;;;;;;;;;
;;;;;;;;;;;;;;;;;;;;;;;;;;;;;;;;;;;;;;;;;;;;;;;
;;;;;;;;;;;;;;;;;;;;;;;;;;;;;;;;;;;;;;;;;;;;;;;
;;;;;;;;;;;;;;;;;;;;;;;;;;;;;;;;;;;;;;;;;;;;;;;
;;;;;;;;;;;;;;;;;;;;;;;;;;;;;;;;;;;;;;;;;;;;;;;
;;;;;;;;;;;;;;;;;;;;;;;;;;;;;;;;;;;;;;;;;;;;;;;
;;;;;;;;;;;;;;;;;;;;;;;;;;;;;;;;;;;;;;;;;;;;;;;
;;;;;;;;;;;;;;;;;;;;;;;;;;;;;;;;;;;;;;;;;;;;;;;
;;;;;;;;;;;;;;;;;;;;;;;;;;;;;;;;;;;;;;;;;;;;;;;
;;;;;;;;;;;;;;;;;;;;;;;;;;;;;;;;;;;;;;;;;;;;;;;
;;;;;;;;;;;;;;;;;;;;;;;;;;;;;;;;;;;;;;;;;;;;;;;
;;;;;;;;;;;;;;;;;;;;;;;;;;;;;;;;;;;;;;;;;;;;;;;
;;;;;;;;;;;;;;;;;;;;;;;;;;;;;;;;;;;;;;;;;;;;;;;
;;;;;;;;;;;;;;;;;;;;;;;;;;;;;;;;;;;;;;;;;;;;;;;
;;;;;;;;;;;;;;;;;;;;;;;;;;;;;;;;;;;;;;;;;;;;;;;
;;;;;;;;;;;;;;;;;;;;;;;;;;;;;;;;;;;;;;;;;;;;;;;
;;;;;;;;;;;;;;;;;;;;;;;;;;;;;;;;;;;;;;;;;;;;;;;
;;;;;;;;;;;;;;;;;;;;;;;;;;;;;;;;;;;;;;;;;;;;;;;
;;;;;;;;;;;;;;;;;;;;;;;;;;;;;;;;;;;;;;;;;;;;;;;
;;;;;;;;;;;;;;;;;;;;;;;;;;;;;;;;;;;;;;;;;;;;;;;
;;;;;;;;;;;;;;;;;;;;;;;;;;;;;;;;;;;;;;;;;;;;;;;
;;;;;;;;;;;;;;;;;;;;;;;;;;;;;;;;;;;;;;;;;;;;;;;
;;;;;;;;;;;;;;;;;;;;;;;;;;;;;;;;;;;;;;;;;;;;;;;
;;;;;;;;;;;;;;;;;;;;;;;;;;;;;;;;;;;;;;;;;;;;;;;
;;;;;;;;;;;;;;;;;;;;;;;;;;;;;;;;;;;;;;;;;;;;;;;
;;;;;;;;;;;;;;;;;;;;;;;;;;;;;;;;;;;;;;;;;;;;;;;
;;;;;;;;;;;;;;;;;;;;;;;;;;;;;;;;;;;;;;;;;;;;;;;
;;;;;;;;;;;;;;;;;;;;;;;;;;;;;;;;;;;;;;;;;;;;;;;
;;;;;;;;;;;;;;;;;;;;;;;;;;;;;;;;;;;;;;;;;;;;;;;
;;;;;;;;;;;;;;;;;;;;;;;;;;;;;;;;;;;;;;;;;;;;;;;
;;;;;;;;;;;;;;;;;;;;;;;;;;;;;;;;;;;;;;;;;;;;;;;
;;;;;;;;;;;;;;;;;;;;;;;;;;;;;;;;;;;;;;;;;;;;;;;
;;;;;;;;;;;;;;;;;;;;;;;;;;;;;;;;;;;;;;;;;;;;;;;
;;;;;;;;;;;;;;;;;;;;;;;;;;;;;;;;;;;;;;;;;;;;;;;
;;;;;;;;;;;;;;;;;;;;;;;;;;;;;;;;;;;;;;;;;;;;;;;
;;;;;;;;;;;;;;;;;;;;;;;;;;;;;;;;;;;;;;;;;;;;;;;
;;;;;;;;;;;;;;;;;;;;;;;;;;;;;;;;;;;;;;;;;;;;;;;
;;;;;;;;;;;;;;;;;;;;;;;;;;;;;;;;;;;;;;;;;;;;;;;
;;;;;;;;;;;;;;;;;;;;;;;;;;;;;;;;;;;;;;;;;;;;;;;
;;;;;;;;;;;;;;;;;;;;;;;;;;;;;;;;;;;;;;;;;;;;;;;
;;;;;;;;;;;;;;;;;;;;;;;;;;;;;;;;;;;;;;;;;;;;;;;
;;;;;;;;;;;;;;;;;;;;;;;;;;;;;;;;;;;;;;;;;;;;;;;
;;;;;;;;;;;;;;;;;;;;;;;;;;;;;;;;;;;;;;;;;;;;;;;
;;;;;;;;;;;;;;;;;;;;;;;;;;;;;;;;;;;;;;;;;;;;;;;
;;;;;;;;;;;;;;;;;;;;;;;;;;;;;;;;;;;;;;;;;;;;;;;
;;;;;;;;;;;;;;;;;;;;;;;;;;;;;;;;;;;;;;;;;;;;;;;
;;;;;;;;;;;;;;;;;;;;;;;;;;;;;;;;;;;;;;;;;;;;;;;
;;;;;;;;;;;;;;;;;;;;;;;;;;;;;;;;;;;;;;;;;;;;;;;
;;;;;;;;;;;;;;;;;;;;;;;;;;;;;;;;;;;;;;;;;;;;;;;
;;;;;;;;;;;;;;;;;;;;;;;;;;;;;;;;;;;;;;;;;;;;;;;
;;;;;;;;;;;;;;;;;;;;;;;;;;;;;;;;;;;;;;;;;;;;;;;
;;;;;;;;;;;;;;;;;;;;;;;;;;;;;;;;;;;;;;;;;;;;;;;
;;;;;;;;;;;;;;;;;;;;;;;;;;;;;;;;;;;;;;;;;;;;;;;
;;;;;;;;;;;;;;;;;;;;;;;;;;;;;;;;;;;;;;;;;;;;;;;
;;;;;;;;;;;;;;;;;;;;;;;;;;;;;;;;;;;;;;;;;;;;;;;
;;;;;;;;;;;;;;;;;;;;;;;;;;;;;;;;;;;;;;;;;;;;;;;
;;;;;;;;;;;;;;;;;;;;;;;;;;;;;;;;;;;;;;;;;;;;;;;
;;;;;;;;;;;;;;;;;;;;;;;;;;;;;;;;;;;;;;;;;;;;;;;
;;;;;;;;;;;;;;;;;;;;;;;;;;;;;;;;;;;;;;;;;;;;;;;
;;;;;;;;;;;;;;;;;;;;;;;;;;;;;;;;;;;;;;;;;;;;;;;
;;;;;;;;;;;;;;;;;;;;;;;;;;;;;;;;;;;;;;;;;;;;;;;
;;;;;;;;;;;;;;;;;;;;;;;;;;;;;;;;;;;;;;;;;;;;;;;
;;;;;;;;;;;;;;;;;;;;;;;;;;;;;;;;;;;;;;;;;;;;;;;
;;;;;;;;;;;;;;;;;;;;;;;;;;;;;;;;;;;;;;;;;;;;;;;
;;;;;;;;;;;;;;;;;;;;;;;;;;;;;;;;;;;;;;;;;;;;;;;
;;;;;;;;;;;;;;;;;;;;;;;;;;;;;;;;;;;;;;;;;;;;;;;
;;;;;;;;;;;;;;;;;;;;;;;;;;;;;;;;;;;;;;;;;;;;;;;
;;;;;;;;;;;;;;;;;;;;;;;;;;;;;;;;;;;;;;;;;;;;;;;
;;;;;;;;;;;;;;;;;;;;;;;;;;;;;;;;;;;;;;;;;;;;;;;
;;;;;;;;;;;;;;;;;;;;;;;;;;;;;;;;;;;;;;;;;;;;;;;
;;;;;;;;;;;;;;;;;;;;;;;;;;;;;;;;;;;;;;;;;;;;;;;
;;;;;;;;;;;;;;;;;;;;;;;;;;;;;;;;;;;;;;;;;;;;;;;
;;;;;;;;;;;;;;;;;;;;;;;;;;;;;;;;;;;;;;;;;;;;;;;
;;;;;;;;;;;;;;;;;;;;;;;;;;;;;;;;;;;;;;;;;;;;;;;
;;;;;;;;;;;;;;;;;;;;;;;;;;;;;;;;;;;;;;;;;;;;;;;
;;;;;;;;;;;;;;;;;;;;;;;;;;;;;;;;;;;;;;;;;;;;;;;
;;;;;;;;;;;;;;;;;;;;;;;;;;;;;;;;;;;;;;;;;;;;;;;
;;;;;;;;;;;;;;;;;;;;;;;;;;;;;;;;;;;;;;;;;;;;;;;
;;;;;;;;;;;;;;;;;;;;;;;;;;;;;;;;;;;;;;;;;;;;;;;
;;;;;;;;;;;;;;;;;;;;;;;;;;;;;;;;;;;;;;;;;;;;;;;
;;;;;;;;;;;;;;;;;;;;;;;;;;;;;;;;;;;;;;;;;;;;;;;
;;;;;;;;;;;;;;;;;;;;;;;;;;;;;;;;;;;;;;;;;;;;;;;
;;;;;;;;;;;;;;;;;;;;;;;;;;;;;;;;;;;;;;;;;;;;;;;
;;;;;;;;;;;;;;;;;;;;;;;;;;;;;;;;;;;;;;;;;;;;;;;
;;;;;;;;;;;;;;;;;;;;;;;;;;;;;;;;;;;;;;;;;;;;;;;
;;;;;;;;;;;;;;;;;;;;;;;;;;;;;;;;;;;;;;;;;;;;;;;
;;;;;;;;;;;;;;;;;;;;;;;;;;;;;;;;;;;;;;;;;;;;;;;
;;;;;;;;;;;;;;;;;;;;;;;;;;;;;;;;;;;;;;;;;;;;;;;
;;;;;;;;;;;;;;;;;;;;;;;;;;;;;;;;;;;;;;;;;;;;;;;
;;;;;;;;;;;;;;;;;;;;;;;;;;;;;;;;;;;;;;;;;;;;;;;
;;;;;;;;;;;;;;;;;;;;;;;;;;;;;;;;;;;;;;;;;;;;;;;
;;;;;;;;;;;;;;;;;;;;;;;;;;;;;;;;;;;;;;;;;;;;;;;
;;;;;;;;;;;;;;;;;;;;;;;;;;;;;;;;;;;;;;;;;;;;;;;
;;;;;;;;;;;;;;;;;;;;;;;;;;;;;;;;;;;;;;;;;;;;;;;
;;;;;;;;;;;;;;;;;;;;;;;;;;;;;;;;;;;;;;;;;;;;;;;
;;;;;;;;;;;;;;;;;;;;;;;;;;;;;;;;;;;;;;;;;;;;;;;
;;;;;;;;;;;;;;;;;;;;;;;;;;;;;;;;;;;;;;;;;;;;;;;
;;;;;;;;;;;;;;;;;;;;;;;;;;;;;;;;;;;;;;;;;;;;;;;
;;;;;;;;;;;;;;;;;;;;;;;;;;;;;;;;;;;;;;;;;;;;;;;
;;;;;;;;;;;;;;;;;;;;;;;;;;;;;;;;;;;;;;;;;;;;;;;
;;;;;;;;;;;;;;;;;;;;;;;;;;;;;;;;;;;;;;;;;;;;;;;
;;;;;;;;;;;;;;;;;;;;;;;;;;;;;;;;;;;;;;;;;;;;;;;
;;;;;;;;;;;;;;;;;;;;;;;;;;;;;;;;;;;;;;;;;;;;;;;
;;;;;;;;;;;;;;;;;;;;;;;;;;;;;;;;;;;;;;;;;;;;;;;
;;;;;;;;;;;;;;;;;;;;;;;;;;;;;;;;;;;;;;;;;;;;;;;
;;;;;;;;;;;;;;;;;;;;;;;;;;;;;;;;;;;;;;;;;;;;;;;
;;;;;;;;;;;;;;;;;;;;;;;;;;;;;;;;;;;;;;;;;;;;;;;
;;;;;;;;;;;;;;;;;;;;;;;;;;;;;;;;;;;;;;;;;;;;;;;
;;;;;;;;;;;;;;;;;;;;;;;;;;;;;;;;;;;;;;;;;;;;;;;
;;;;;;;;;;;;;;;;;;;;;;;;;;;;;;;;;;;;;;;;;;;;;;;
;;;;;;;;;;;;;;;;;;;;;;;;;;;;;;;;;;;;;;;;;;;;;;;
;;;;;;;;;;;;;;;;;;;;;;;;;;;;;;;;;;;;;;;;;;;;;;;
;;;;;;;;;;;;;;;;;;;;;;;;;;;;;;;;;;;;;;;;;;;;;;;
;;;;;;;;;;;;;;;;;;;;;;;;;;;;;;;;;;;;;;;;;;;;;;;
;;;;;;;;;;;;;;;;;;;;;;;;;;;;;;;;;;;;;;;;;;;;;;;
;;;;;;;;;;;;;;;;;;;;;;;;;;;;;;;;;;;;;;;;;;;;;;;
;;;;;;;;;;;;;;;;;;;;;;;;;;;;;;;;;;;;;;;;;;;;;;;
;;;;;;;;;;;;;;;;;;;;;;;;;;;;;;;;;;;;;;;;;;;;;;;
;;;;;;;;;;;;;;;;;;;;;;;;;;;;;;;;;;;;;;;;;;;;;;;
;;;;;;;;;;;;;;;;;;;;;;;;;;;;;;;;;;;;;;;;;;;;;;;
;;;;;;;;;;;;;;;;;;;;;;;;;;;;;;;;;;;;;;;;;;;;;;;
;;;;;;;;;;;;;;;;;;;;;;;;;;;;;;;;;;;;;;;;;;;;;;;
;;;;;;;;;;;;;;;;;;;;;;;;;;;;;;;;;;;;;;;;;;;;;;;
;;;;;;;;;;;;;;;;;;;;;;;;;;;;;;;;;;;;;;;;;;;;;;;
;;;;;;;;;;;;;;;;;;;;;;;;;;;;;;;;;;;;;;;;;;;;;;;
;;;;;;;;;;;;;;;;;;;;;;;;;;;;;;;;;;;;;;;;;;;;;;;
;;;;;;;;;;;;;;;;;;;;;;;;;;;;;;;;;;;;;;;;;;;;;;;
;;;;;;;;;;;;;;;;;;;;;;;;;;;;;;;;;;;;;;;;;;;;;;;
;;;;;;;;;;;;;;;;;;;;;;;;;;;;;;;;;;;;;;;;;;;;;;;
;;;;;;;;;;;;;;;;;;;;;;;;;;;;;;;;;;;;;;;;;;;;;;;
;;;;;;;;;;;;;;;;;;;;;;;;;;;;;;;;;;;;;;;;;;;;;;;
;;;;;;;;;;;;;;;;;;;;;;;;;;;;;;;;;;;;;;;;;;;;;;;
;;;;;;;;;;;;;;;;;;;;;;;;;;;;;;;;;;;;;;;;;;;;;;;
;;;;;;;;;;;;;;;;;;;;;;;;;;;;;;;;;;;;;;;;;;;;;;;
;;;;;;;;;;;;;;;;;;;;;;;;;;;;;;;;;;;;;;;;;;;;;;;
;;;;;;;;;;;;;;;;;;;;;;;;;;;;;;;;;;;;;;;;;;;;;;;
;;;;;;;;;;;;;;;;;;;;;;;;;;;;;;;;;;;;;;;;;;;;;;;
;;;;;;;;;;;;;;;;;;;;;;;;;;;;;;;;;;;;;;;;;;;;;;;
;;;;;;;;;;;;;;;;;;;;;;;;;;;;;;;;;;;;;;;;;;;;;;;
;;;;;;;;;;;;;;;;;;;;;;;;;;;;;;;;;;;;;;;;;;;;;;;
;;;;;;;;;;;;;;;;;;;;;;;;;;;;;;;;;;;;;;;;;;;;;;;
;;;;;;;;;;;;;;;;;;;;;;;;;;;;;;;;;;;;;;;;;;;;;;;
;;;;;;;;;;;;;;;;;;;;;;;;;;;;;;;;;;;;;;;;;;;;;;;
;;;;;;;;;;;;;;;;;;;;;;;;;;;;;;;;;;;;;;;;;;;;;;;
;;;;;;;;;;;;;;;;;;;;;;;;;;;;;;;;;;;;;;;;;;;;;;;
;;;;;;;;;;;;;;;;;;;;;;;;;;;;;;;;;;;;;;;;;;;;;;;
;;;;;;;;;;;;;;;;;;;;;;;;;;;;;;;;;;;;;;;;;;;;;;;
;;;;;;;;;;;;;;;;;;;;;;;;;;;;;;;;;;;;;;;;;;;;;;;
;;;;;;;;;;;;;;;;;;;;;;;;;;;;;;;;;;;;;;;;;;;;;;;
;;;;;;;;;;;;;;;;;;;;;;;;;;;;;;;;;;;;;;;;;;;;;;;
;;;;;;;;;;;;;;;;;;;;;;;;;;;;;;;;;;;;;;;;;;;;;;;
;;;;;;;;;;;;;;;;;;;;;;;;;;;;;;;;;;;;;;;;;;;;;;;
;;;;;;;;;;;;;;;;;;;;;;;;;;;;;;;;;;;;;;;;;;;;;;;
;;;;;;;;;;;;;;;;;;;;;;;;;;;;;;;;;;;;;;;;;;;;;;;
;;;;;;;;;;;;;;;;;;;;;;;;;;;;;;;;;;;;;;;;;;;;;;;
;;;;;;;;;;;;;;;;;;;;;;;;;;;;;;;;;;;;;;;;;;;;;;;
;;;;;;;;;;;;;;;;;;;;;;;;;;;;;;;;;;;;;;;;;;;;;;;
;;;;;;;;;;;;;;;;;;;;;;;;;;;;;;;;;;;;;;;;;;;;;;;
;;;;;;;;;;;;;;;;;;;;;;;;;;;;;;;;;;;;;;;;;;;;;;;
;;;;;;;;;;;;;;;;;;;;;;;;;;;;;;;;;;;;;;;;;;;;;;;
;;;;;;;;;;;;;;;;;;;;;;;;;;;;;;;;;;;;;;;;;;;;;;;
;;;;;;;;;;;;;;;;;;;;;;;;;;;;;;;;;;;;;;;;;;;;;;;
;;;;;;;;;;;;;;;;;;;;;;;;;;;;;;;;;;;;;;;;;;;;;;;
;;;;;;;;;;;;;;;;;;;;;;;;;;;;;;;;;;;;;;;;;;;;;;;
;;;;;;;;;;;;;;;;;;;;;;;;;;;;;;;;;;;;;;;;;;;;;;;
;;;;;;;;;;;;;;;;;;;;;;;;;;;;;;;;;;;;;;;;;;;;;;;
;;;;;;;;;;;;;;;;;;;;;;;;;;;;;;;;;;;;;;;;;;;;;;;
;;;;;;;;;;;;;;;;;;;;;;;;;;;;;;;;;;;;;;;;;;;;;;;
;;;;;;;;;;;;;;;;;;;;;;;;;;;;;;;;;;;;;;;;;;;;;;;
;;;;;;;;;;;;;;;;;;;;;;;;;;;;;;;;;;;;;;;;;;;;;;;
;;;;;;;;;;;;;;;;;;;;;;;;;;;;;;;;;;;;;;;;;;;;;;;
;;;;;;;;;;;;;;;;;;;;;;;;;;;;;;;;;;;;;;;;;;;;;;;
;;;;;;;;;;;;;;;;;;;;;;;;;;;;;;;;;;;;;;;;;;;;;;;
;;;;;;;;;;;;;;;;;;;;;;;;;;;;;;;;;;;;;;;;;;;;;;;
;;;;;;;;;;;;;;;;;;;;;;;;;;;;;;;;;;;;;;;;;;;;;;;
;;;;;;;;;;;;;;;;;;;;;;;;;;;;;;;;;;;;;;;;;;;;;;;
;;;;;;;;;;;;;;;;;;;;;;;;;;;;;;;;;;;;;;;;;;;;;;;
;;;;;;;;;;;;;;;;;;;;;;;;;;;;;;;;;;;;;;;;;;;;;;;
;;;;;;;;;;;;;;;;;;;;;;;;;;;;;;;;;;;;;;;;;;;;;;;
;;;;;;;;;;;;;;;;;;;;;;;;;;;;;;;;;;;;;;;;;;;;;;;
;;;;;;;;;;;;;;;;;;;;;;;;;;;;;;;;;;;;;;;;;;;;;;;
;;;;;;;;;;;;;;;;;;;;;;;;;;;;;;;;;;;;;;;;;;;;;;;
;;;;;;;;;;;;;;;;;;;;;;;;;;;;;;;;;;;;;;;;;;;;;;;
;;;;;;;;;;;;;;;;;;;;;;;;;;;;;;;;;;;;;;;;;;;;;;;
;;;;;;;;;;;;;;;;;;;;;;;;;;;;;;;;;;;;;;;;;;;;;;;
;;;;;;;;;;;;;;;;;;;;;;;;;;;;;;;;;;;;;;;;;;;;;;;
;;;;;;;;;;;;;;;;;;;;;;;;;;;;;;;;;;;;;;;;;;;;;;;
;;;;;;;;;;;;;;;;;;;;;;;;;;;;;;;;;;;;;;;;;;;;;;;
;;;;;;;;;;;;;;;;;;;;;;;;;;;;;;;;;;;;;;;;;;;;;;;
;;;;;;;;;;;;;;;;;;;;;;;;;;;;;;;;;;;;;;;;;;;;;;;
;;;;;;;;;;;;;;;;;;;;;;;;;;;;;;;;;;;;;;;;;;;;;;;
;;;;;;;;;;;;;;;;;;;;;;;;;;;;;;;;;;;;;;;;;;;;;;;
;;;;;;;;;;;;;;;;;;;;;;;;;;;;;;;;;;;;;;;;;;;;;;;
;;;;;;;;;;;;;;;;;;;;;;;;;;;;;;;;;;;;;;;;;;;;;;;
;;;;;;;;;;;;;;;;;;;;;;;;;;;;;;;;;;;;;;;;;;;;;;;
;;;;;;;;;;;;;;;;;;;;;;;;;;;;;;;;;;;;;;;;;;;;;;;
;;;;;;;;;;;;;;;;;;;;;;;;;;;;;;;;;;;;;;;;;;;;;;;
;;;;;;;;;;;;;;;;;;;;;;;;;;;;;;;;;;;;;;;;;;;;;;;
;;;;;;;;;;;;;;;;;;;;;;;;;;;;;;;;;;;;;;;;;;;;;;;
;;;;;;;;;;;;;;;;;;;;;;;;;;;;;;;;;;;;;;;;;;;;;;;
;;;;;;;;;;;;;;;;;;;;;;;;;;;;;;;;;;;;;;;;;;;;;;;
;;;;;;;;;;;;;;;;;;;;;;;;;;;;;;;;;;;;;;;;;;;;;;;
;;;;;;;;;;;;;;;;;;;;;;;;;;;;;;;;;;;;;;;;;;;;;;;
;;;;;;;;;;;;;;;;;;;;;;;;;;;;;;;;;;;;;;;;;;;;;;;
;;;;;;;;;;;;;;;;;;;;;;;;;;;;;;;;;;;;;;;;;;;;;;;
;;;;;;;;;;;;;;;;;;;;;;;;;;;;;;;;;;;;;;;;;;;;;;;
;;;;;;;;;;;;;;;;;;;;;;;;;;;;;;;;;;;;;;;;;;;;;;;
;;;;;;;;;;;;;;;;;;;;;;;;;;;;;;;;;;;;;;;;;;;;;;;
;;;;;;;;;;;;;;;;;;;;;;;;;;;;;;;;;;;;;;;;;;;;;;;
;;;;;;;;;;;;;;;;;;;;;;;;;;;;;;;;;;;;;;;;;;;;;;;
;;;;;;;;;;;;;;;;;;;;;;;;;;;;;;;;;;;;;;;;;;;;;;;
;;;;;;;;;;;;;;;;;;;;;;;;;;;;;;;;;;;;;;;;;;;;;;;
;;;;;;;;;;;;;;;;;;;;;;;;;;;;;;;;;;;;;;;;;;;;;;;
;;;;;;;;;;;;;;;;;;;;;;;;;;;;;;;;;;;;;;;;;;;;;;;
;;;;;;;;;;;;;;;;;;;;;;;;;;;;;;;;;;;;;;;;;;;;;;;
;;;;;;;;;;;;;;;;;;;;;;;;;;;;;;;;;;;;;;;;;;;;;;;
;;;;;;;;;;;;;;;;;;;;;;;;;;;;;;;;;;;;;;;;;;;;;;;
;;;;;;;;;;;;;;;;;;;;;;;;;;;;;;;;;;;;;;;;;;;;;;;
;;;;;;;;;;;;;;;;;;;;;;;;;;;;;;;;;;;;;;;;;;;;;;;
;;;;;;;;;;;;;;;;;;;;;;;;;;;;;;;;;;;;;;;;;;;;;;;
;;;;;;;;;;;;;;;;;;;;;;;;;;;;;;;;;;;;;;;;;;;;;;;
;;;;;;;;;;;;;;;;;;;;;;;;;;;;;;;;;;;;;;;;;;;;;;;
;;;;;;;;;;;;;;;;;;;;;;;;;;;;;;;;;;;;;;;;;;;;;;;
;;;;;;;;;;;;;;;;;;;;;;;;;;;;;;;;;;;;;;;;;;;;;;;
;;;;;;;;;;;;;;;;;;;;;;;;;;;;;;;;;;;;;;;;;;;;;;;
;;;;;;;;;;;;;;;;;;;;;;;;;;;;;;;;;;;;;;;;;;;;;;;
;;;;;;;;;;;;;;;;;;;;;;;;;;;;;;;;;;;;;;;;;;;;;;;
;;;;;;;;;;;;;;;;;;;;;;;;;;;;;;;;;;;;;;;;;;;;;;;
;;;;;;;;;;;;;;;;;;;;;;;;;;;;;;;;;;;;;;;;;;;;;;;
;;;;;;;;;;;;;;;;;;;;;;;;;;;;;;;;;;;;;;;;;;;;;;;
;;;;;;;;;;;;;;;;;;;;;;;;;;;;;;;;;;;;;;;;;;;;;;;
;;;;;;;;;;;;;;;;;;;;;;;;;;;;;;;;;;;;;;;;;;;;;;;
;;;;;;;;;;;;;;;;;;;;;;;;;;;;;;;;;;;;;;;;;;;;;;;
;;;;;;;;;;;;;;;;;;;;;;;;;;;;;;;;;;;;;;;;;;;;;;;
;;;;;;;;;;;;;;;;;;;;;;;;;;;;;;;;;;;;;;;;;;;;;;;
;;;;;;;;;;;;;;;;;;;;;;;;;;;;;;;;;;;;;;;;;;;;;;;
;;;;;;;;;;;;;;;;;;;;;;;;;;;;;;;;;;;;;;;;;;;;;;;
;;;;;;;;;;;;;;;;;;;;;;;;;;;;;;;;;;;;;;;;;;;;;;;
;;;;;;;;;;;;;;;;;;;;;;;;;;;;;;;;;;;;;;;;;;;;;;;
;;;;;;;;;;;;;;;;;;;;;;;;;;;;;;;;;;;;;;;;;;;;;;;
;;;;;;;;;;;;;;;;;;;;;;;;;;;;;;;;;;;;;;;;;;;;;;;
;;;;;;;;;;;;;;;;;;;;;;;;;;;;;;;;;;;;;;;;;;;;;;;
;;;;;;;;;;;;;;;;;;;;;;;;;;;;;;;;;;;;;;;;;;;;;;;
;;;;;;;;;;;;;;;;;;;;;;;;;;;;;;;;;;;;;;;;;;;;;;;
;;;;;;;;;;;;;;;;;;;;;;;;;;;;;;;;;;;;;;;;;;;;;;;
;;;;;;;;;;;;;;;;;;;;;;;;;;;;;;;;;;;;;;;;;;;;;;;
;;;;;;;;;;;;;;;;;;;;;;;;;;;;;;;;;;;;;;;;;;;;;;;
;;;;;;;;;;;;;;;;;;;;;;;;;;;;;;;;;;;;;;;;;;;;;;;
;;;;;;;;;;;;;;;;;;;;;;;;;;;;;;;;;;;;;;;;;;;;;;;
;;;;;;;;;;;;;;;;;;;;;;;;;;;;;;;;;;;;;;;;;;;;;;;
;;;;;;;;;;;;;;;;;;;;;;;;;;;;;;;;;;;;;;;;;;;;;;;
;;;;;;;;;;;;;;;;;;;;;;;;;;;;;;;;;;;;;;;;;;;;;;;
;;;;;;;;;;;;;;;;;;;;;;;;;;;;;;;;;;;;;;;;;;;;;;;
;;;;;;;;;;;;;;;;;;;;;;;;;;;;;;;;;;;;;;;;;;;;;;;
;;;;;;;;;;;;;;;;;;;;;;;;;;;;;;;;;;;;;;;;;;;;;;;
;;;;;;;;;;;;;;;;;;;;;;;;;;;;;;;;;;;;;;;;;;;;;;;
;;;;;;;;;;;;;;;;;;;;;;;;;;;;;;;;;;;;;;;;;;;;;;;
;;;;;;;;;;;;;;;;;;;;;;;;;;;;;;;;;;;;;;;;;;;;;;;
;;;;;;;;;;;;;;;;;;;;;;;;;;;;;;;;;;;;;;;;;;;;;;;
;;;;;;;;;;;;;;;;;;;;;;;;;;;;;;;;;;;;;;;;;;;;;;;
;;;;;;;;;;;;;;;;;;;;;;;;;;;;;;;;;;;;;;;;;;;;;;;
;;;;;;;;;;;;;;;;;;;;;;;;;;;;;;;;;;;;;;;;;;;;;;;
;;;;;;;;;;;;;;;;;;;;;;;;;;;;;;;;;;;;;;;;;;;;;;;
;;;;;;;;;;;;;;;;;;;;;;;;;;;;;;;;;;;;;;;;;;;;;;;
;;;;;;;;;;;;;;;;;;;;;;;;;;;;;;;;;;;;;;;;;;;;;;;
;;;;;;;;;;;;;;;;;;;;;;;;;;;;;;;;;;;;;;;;;;;;;;;
;;;;;;;;;;;;;;;;;;;;;;;;;;;;;;;;;;;;;;;;;;;;;;;
;;;;;;;;;;;;;;;;;;;;;;;;;;;;;;;;;;;;;;;;;;;;;;;
;;;;;;;;;;;;;;;;;;;;;;;;;;;;;;;;;;;;;;;;;;;;;;;
;;;;;;;;;;;;;;;;;;;;;;;;;;;;;;;;;;;;;;;;;;;;;;;
;;;;;;;;;;;;;;;;;;;;;;;;;;;;;;;;;;;;;;;;;;;;;;;
;;;;;;;;;;;;;;;;;;;;;;;;;;;;;;;;;;;;;;;;;;;;;;;
;;;;;;;;;;;;;;;;;;;;;;;;;;;;;;;;;;;;;;;;;;;;;;;
;;;;;;;;;;;;;;;;;;;;;;;;;;;;;;;;;;;;;;;;;;;;;;;
;;;;;;;;;;;;;;;;;;;;;;;;;;;;;;;;;;;;;;;;;;;;;;;
;;;;;;;;;;;;;;;;;;;;;;;;;;;;;;;;;;;;;;;;;;;;;;;
;;;;;;;;;;;;;;;;;;;;;;;;;;;;;;;;;;;;;;;;;;;;;;;
;;;;;;;;;;;;;;;;;;;;;;;;;;;;;;;;;;;;;;;;;;;;;;;
;;;;;;;;;;;;;;;;;;;;;;;;;;;;;;;;;;;;;;;;;;;;;;;
;;;;;;;;;;;;;;;;;;;;;;;;;;;;;;;;;;;;;;;;;;;;;;;
;;;;;;;;;;;;;;;;;;;;;;;;;;;;;;;;;;;;;;;;;;;;;;;
;;;;;;;;;;;;;;;;;;;;;;;;;;;;;;;;;;;;;;;;;;;;;;;
;;;;;;;;;;;;;;;;;;;;;;;;;;;;;;;;;;;;;;;;;;;;;;;
;;;;;;;;;;;;;;;;;;;;;;;;;;;;;;;;;;;;;;;;;;;;;;;
;;;;;;;;;;;;;;;;;;;;;;;;;;;;;;;;;;;;;;;;;;;;;;;
;;;;;;;;;;;;;;;;;;;;;;;;;;;;;;;;;;;;;;;;;;;;;;;
;;;;;;;;;;;;;;;;;;;;;;;;;;;;;;;;;;;;;;;;;;;;;;;
;;;;;;;;;;;;;;;;;;;;;;;;;;;;;;;;;;;;;;;;;;;;;;;
;;;;;;;;;;;;;;;;;;;;;;;;;;;;;;;;;;;;;;;;;;;;;;;
;;;;;;;;;;;;;;;;;;;;;;;;;;;;;;;;;;;;;;;;;;;;;;;
;;;;;;;;;;;;;;;;;;;;;;;;;;;;;;;;;;;;;;;;;;;;;;;
;;;;;;;;;;;;;;;;;;;;;;;;;;;;;;;;;;;;;;;;;;;;;;;
;;;;;;;;;;;;;;;;;;;;;;;;;;;;;;;;;;;;;;;;;;;;;;;
;;;;;;;;;;;;;;;;;;;;;;;;;;;;;;;;;;;;;;;;;;;;;;;
;;;;;;;;;;;;;;;;;;;;;;;;;;;;;;;;;;;;;;;;;;;;;;;
;;;;;;;;;;;;;;;;;;;;;;;;;;;;;;;;;;;;;;;;;;;;;;;
;;;;;;;;;;;;;;;;;;;;;;;;;;;;;;;;;;;;;;;;;;;;;;;
;;;;;;;;;;;;;;;;;;;;;;;;;;;;;;;;;;;;;;;;;;;;;;;
;;;;;;;;;;;;;;;;;;;;;;;;;;;;;;;;;;;;;;;;;;;;;;;
;;;;;;;;;;;;;;;;;;;;;;;;;;;;;;;;;;;;;;;;;;;;;;;
;;;;;;;;;;;;;;;;;;;;;;;;;;;;;;;;;;;;;;;;;;;;;;;
;;;;;;;;;;;;;;;;;;;;;;;;;;;;;;;;;;;;;;;;;;;;;;;
;;;;;;;;;;;;;;;;;;;;;;;;;;;;;;;;;;;;;;;;;;;;;;;
;;;;;;;;;;;;;;;;;;;;;;;;;;;;;;;;;;;;;;;;;;;;;;;
;;;;;;;;;;;;;;;;;;;;;;;;;;;;;;;;;;;;;;;;;;;;;;;
;;;;;;;;;;;;;;;;;;;;;;;;;;;;;;;;;;;;;;;;;;;;;;;
;;;;;;;;;;;;;;;;;;;;;;;;;;;;;;;;;;;;;;;;;;;;;;;
;;;;;;;;;;;;;;;;;;;;;;;;;;;;;;;;;;;;;;;;;;;;;;;
;;;;;;;;;;;;;;;;;;;;;;;;;;;;;;;;;;;;;;;;;;;;;;;
;;;;;;;;;;;;;;;;;;;;;;;;;;;;;;;;;;;;;;;;;;;;;;;
;;;;;;;;;;;;;;;;;;;;;;;;;;;;;;;;;;;;;;;;;;;;;;;
;;;;;;;;;;;;;;;;;;;;;;;;;;;;;;;;;;;;;;;;;;;;;;;
;;;;;;;;;;;;;;;;;;;;;;;;;;;;;;;;;;;;;;;;;;;;;;;
;;;;;;;;;;;;;;;;;;;;;;;;;;;;;;;;;;;;;;;;;;;;;;;
;;;;;;;;;;;;;;;;;;;;;;;;;;;;;;;;;;;;;;;;;;;;;;;
;;;;;;;;;;;;;;;;;;;;;;;;;;;;;;;;;;;;;;;;;;;;;;;
;;;;;;;;;;;;;;;;;;;;;;;;;;;;;;;;;;;;;;;;;;;;;;;
;;;;;;;;;;;;;;;;;;;;;;;;;;;;;;;;;;;;;;;;;;;;;;;
;;;;;;;;;;;;;;;;;;;;;;;;;;;;;;;;;;;;;;;;;;;;;;;
;;;;;;;;;;;;;;;;;;;;;;;;;;;;;;;;;;;;;;;;;;;;;;;
;;;;;;;;;;;;;;;;;;;;;;;;;;;;;;;;;;;;;;;;;;;;;;;
;;;;;;;;;;;;;;;;;;;;;;;;;;;;;;;;;;;;;;;;;;;;;;;
;;;;;;;;;;;;;;;;;;;;;;;;;;;;;;;;;;;;;;;;;;;;;;;
;;;;;;;;;;;;;;;;;;;;;;;;;;;;;;;;;;;;;;;;;;;;;;;
;;;;;;;;;;;;;;;;;;;;;;;;;;;;;;;;;;;;;;;;;;;;;;;
;;;;;;;;;;;;;;;;;;;;;;;;;;;;;;;;;;;;;;;;;;;;;;;
;;;;;;;;;;;;;;;;;;;;;;;;;;;;;;;;;;;;;;;;;;;;;;;
;;;;;;;;;;;;;;;;;;;;;;;;;;;;;;;;;;;;;;;;;;;;;;;
;;;;;;;;;;;;;;;;;;;;;;;;;;;;;;;;;;;;;;;;;;;;;;;
;;;;;;;;;;;;;;;;;;;;;;;;;;;;;;;;;;;;;;;;;;;;;;;
;;;;;;;;;;;;;;;;;;;;;;;;;;;;;;;;;;;;;;;;;;;;;;;
;;;;;;;;;;;;;;;;;;;;;;;;;;;;;;;;;;;;;;;;;;;;;;;
;;;;;;;;;;;;;;;;;;;;;;;;;;;;;;;;;;;;;;;;;;;;;;;
;;;;;;;;;;;;;;;;;;;;;;;;;;;;;;;;;;;;;;;;;;;;;;;
;;;;;;;;;;;;;;;;;;;;;;;;;;;;;;;;;;;;;;;;;;;;;;;
;;;;;;;;;;;;;;;;;;;;;;;;;;;;;;;;;;;;;;;;;;;;;;;
;;;;;;;;;;;;;;;;;;;;;;;;;;;;;;;;;;;;;;;;;;;;;;;
;;;;;;;;;;;;;;;;;;;;;;;;;;;;;;;;;;;;;;;;;;;;;;;
;;;;;;;;;;;;;;;;;;;;;;;;;;;;;;;;;;;;;;;;;;;;;;;
;;;;;;;;;;;;;;;;;;;;;;;;;;;;;;;;;;;;;;;;;;;;;;;
;;;;;;;;;;;;;;;;;;;;;;;;;;;;;;;;;;;;;;;;;;;;;;;
;;;;;;;;;;;;;;;;;;;;;;;;;;;;;;;;;;;;;;;;;;;;;;;
;;;;;;;;;;;;;;;;;;;;;;;;;;;;;;;;;;;;;;;;;;;;;;;
;;;;;;;;;;;;;;;;;;;;;;;;;;;;;;;;;;;;;;;;;;;;;;;
;;;;;;;;;;;;;;;;;;;;;;;;;;;;;;;;;;;;;;;;;;;;;;;
;;;;;;;;;;;;;;;;;;;;;;;;;;;;;;;;;;;;;;;;;;;;;;;
;;;;;;;;;;;;;;;;;;;;;;;;;;;;;;;;;;;;;;;;;;;;;;;
;;;;;;;;;;;;;;;;;;;;;;;;;;;;;;;;;;;;;;;;;;;;;;;
;;;;;;;;;;;;;;;;;;;;;;;;;;;;;;;;;;;;;;;;;;;;;;;
;;;;;;;;;;;;;;;;;;;;;;;;;;;;;;;;;;;;;;;;;;;;;;;
;;;;;;;;;;;;;;;;;;;;;;;;;;;;;;;;;;;;;;;;;;;;;;;
;;;;;;;;;;;;;;;;;;;;;;;;;;;;;;;;;;;;;;;;;;;;;;;
;;;;;;;;;;;;;;;;;;;;;;;;;;;;;;;;;;;;;;;;;;;;;;;
;;;;;;;;;;;;;;;;;;;;;;;;;;;;;;;;;;;;;;;;;;;;;;;
;;;;;;;;;;;;;;;;;;;;;;;;;;;;;;;;;;;;;;;;;;;;;;;
;;;;;;;;;;;;;;;;;;;;;;;;;;;;;;;;;;;;;;;;;;;;;;;
;;;;;;;;;;;;;;;;;;;;;;;;;;;;;;;;;;;;;;;;;;;;;;;
;;;;;;;;;;;;;;;;;;;;;;;;;;;;;;;;;;;;;;;;;;;;;;;
;;;;;;;;;;;;;;;;;;;;;;;;;;;;;;;;;;;;;;;;;;;;;;;
;;;;;;;;;;;;;;;;;;;;;;;;;;;;;;;;;;;;;;;;;;;;;;;
;;;;;;;;;;;;;;;;;;;;;;;;;;;;;;;;;;;;;;;;;;;;;;;
;;;;;;;;;;;;;;;;;;;;;;;;;;;;;;;;;;;;;;;;;;;;;;;
;;;;;;;;;;;;;;;;;;;;;;;;;;;;;;;;;;;;;;;;;;;;;;;
;;;;;;;;;;;;;;;;;;;;;;;;;;;;;;;;;;;;;;;;;;;;;;;
;;;;;;;;;;;;;;;;;;;;;;;;;;;;;;;;;;;;;;;;;;;;;;;
;;;;;;;;;;;;;;;;;;;;;;;;;;;;;;;;;;;;;;;;;;;;;;;
;;;;;;;;;;;;;;;;;;;;;;;;;;;;;;;;;;;;;;;;;;;;;;;
;;;;;;;;;;;;;;;;;;;;;;;;;;;;;;;;;;;;;;;;;;;;;;;
;;;;;;;;;;;;;;;;;;;;;;;;;;;;;;;;;;;;;;;;;;;;;;;
;;;;;;;;;;;;;;;;;;;;;;;;;;;;;;;;;;;;;;;;;;;;;;;
;;;;;;;;;;;;;;;;;;;;;;;;;;;;;;;;;;;;;;;;;;;;;;;
;;;;;;;;;;;;;;;;;;;;;;;;;;;;;;;;;;;;;;;;;;;;;;;
;;;;;;;;;;;;;;;;;;;;;;;;;;;;;;;;;;;;;;;;;;;;;;;
;;;;;;;;;;;;;;;;;;;;;;;;;;;;;;;;;;;;;;;;;;;;;;;
;;;;;;;;;;;;;;;;;;;;;;;;;;;;;;;;;;;;;;;;;;;;;;;
;;;;;;;;;;;;;;;;;;;;;;;;;;;;;;;;;;;;;;;;;;;;;;;
;;;;;;;;;;;;;;;;;;;;;;;;;;;;;;;;;;;;;;;;;;;;;;;
;;;;;;;;;;;;;;;;;;;;;;;;;;;;;;;;;;;;;;;;;;;;;;;
;;;;;;;;;;;;;;;;;;;;;;;;;;;;;;;;;;;;;;;;;;;;;;;
;;;;;;;;;;;;;;;;;;;;;;;;;;;;;;;;;;;;;;;;;;;;;;;
;;;;;;;;;;;;;;;;;;;;;;;;;;;;;;;;;;;;;;;;;;;;;;;
;;;;;;;;;;;;;;;;;;;;;;;;;;;;;;;;;;;;;;;;;;;;;;;
;;;;;;;;;;;;;;;;;;;;;;;;;;;;;;;;;;;;;;;;;;;;;;;
;;;;;;;;;;;;;;;;;;;;;;;;;;;;;;;;;;;;;;;;;;;;;;;
;;;;;;;;;;;;;;;;;;;;;;;;;;;;;;;;;;;;;;;;;;;;;;;
;;;;;;;;;;;;;;;;;;;;;;;;;;;;;;;;;;;;;;;;;;;;;;;
;;;;;;;;;;;;;;;;;;;;;;;;;;;;;;;;;;;;;;;;;;;;;;;
;;;;;;;;;;;;;;;;;;;;;;;;;;;;;;;;;;;;;;;;;;;;;;;
;;;;;;;;;;;;;;;;;;;;;;;;;;;;;;;;;;;;;;;;;;;;;;;
;;;;;;;;;;;;;;;;;;;;;;;;;;;;;;;;;;;;;;;;;;;;;;;
;;;;;;;;;;;;;;;;;;;;;;;;;;;;;;;;;;;;;;;;;;;;;;;
;;;;;;;;;;;;;;;;;;;;;;;;;;;;;;;;;;;;;;;;;;;;;;;
